{
    "name": "run_OSeMOSYS3",
    "tooltype": "executable",
    "includes": [
        "glpsol.exe",
        "glpsol_files/glpk_4_61.dll",
        "glpsol_files/libgcc_s_seh-1.dll",
        "glpsol_files/libstdc++-6.dll",
        "glpsol_files/libwinpthread-1.dll",
        "glpsol_files/zlib1.dll"
    ],
    "description": "",
    "inputfiles": [
        "model.mod",
        "model_new.dat"
    ],
    "inputfiles_opt": [],
    "outputfiles": [
        "results/*.csv"
    ],
    "cmdline_args": [
        "-m",
        "model.mod",
        "-d",
        "model_new.dat"
    ],
    "includes_main_path": "../../glpsol_files"
}