{
  "resources": [
    {
      "name": "annualized_costs__period",
      "type": "table",
      "path": "output\\annualized_costs__period.csv",
      "scheme": "file",
      "format": "csv",
      "mediatype": "text/csv"
    },
    {
      "name": "connection_capacity__period",
      "type": "table",
      "path": "output\\connection_capacity__period.csv",
      "scheme": "file",
      "format": "csv",
      "mediatype": "text/csv"
    },
    {
      "name": "connection_cf__period",
      "type": "table",
      "path": "output\\connection_cf__period.csv",
      "scheme": "file",
      "format": "csv",
      "mediatype": "text/csv"
    },
    {
      "name": "connection_invest_marginal__period",
      "type": "table",
      "path": "output\\connection_invest_marginal__period.csv",
      "scheme": "file",
      "format": "csv",
      "mediatype": "text/csv"
    },
    {
      "name": "connection__period",
      "type": "table",
      "path": "output\\connection__period.csv",
      "scheme": "file",
      "format": "csv",
      "mediatype": "text/csv"
    },
    {
      "name": "connection__period__t",
      "type": "table",
      "path": "output\\connection__period__t.csv",
      "scheme": "file",
      "format": "csv",
      "mediatype": "text/csv"
    },
    {
      "name": "costs_discounted",
      "type": "table",
      "path": "output\\costs_discounted.csv",
      "scheme": "file",
      "format": "csv",
      "mediatype": "text/csv"
    },
    {
      "name": "costs_discounted__solve",
      "type": "table",
      "path": "output\\costs_discounted__solve.csv",
      "scheme": "file",
      "format": "csv",
      "mediatype": "text/csv"
    },
    {
      "name": "costs__period__t",
      "type": "table",
      "path": "output\\costs__period__t.csv",
      "scheme": "file",
      "format": "csv",
      "mediatype": "text/csv"
    },
    {
      "name": "discount_factors__period",
      "type": "table",
      "path": "output\\discount_factors__period.csv",
      "scheme": "file",
      "format": "csv",
      "mediatype": "text/csv"
    },
    {
      "name": "entity_annuity",
      "type": "table",
      "path": "output\\entity_annuity.csv",
      "scheme": "file",
      "format": "csv",
      "mediatype": "text/csv"
    },
    {
      "name": "group_flows__period",
      "type": "table",
      "path": "output\\group_flows__period.csv",
      "scheme": "file",
      "format": "csv",
      "mediatype": "text/csv"
    },
    {
      "name": "group_flows__period__t",
      "type": "table",
      "path": "output\\group_flows__period__t.csv",
      "scheme": "file",
      "format": "csv",
      "mediatype": "text/csv"
    },
    {
      "name": "group_inertia_largest_flow__period__t",
      "type": "table",
      "path": "output\\group_inertia_largest_flow__period__t.csv",
      "scheme": "file",
      "format": "csv",
      "mediatype": "text/csv"
    },
    {
      "name": "group_inertia__period__t",
      "type": "table",
      "path": "output\\group_inertia__period__t.csv",
      "scheme": "file",
      "format": "csv",
      "mediatype": "text/csv"
    },
    {
      "name": "group_node_vre_share__period__t",
      "type": "table",
      "path": "output\\group_node_VRE_share__period__t.csv",
      "scheme": "file",
      "format": "csv",
      "mediatype": "text/csv"
    },
    {
      "name": "group_node__period",
      "type": "table",
      "path": "output\\group_node__period.csv",
      "scheme": "file",
      "format": "csv",
      "mediatype": "text/csv"
    },
    {
      "name": "group_process_co2__period",
      "type": "table",
      "path": "output\\group_process_CO2__period.csv",
      "scheme": "file",
      "format": "csv",
      "mediatype": "text/csv"
    },
    {
      "name": "group__process__node__period",
      "type": "table",
      "path": "output\\group__process__node__period.csv",
      "scheme": "file",
      "format": "csv",
      "mediatype": "text/csv"
    },
    {
      "name": "group__process__node__period__t",
      "type": "table",
      "path": "output\\group__process__node__period__t.csv",
      "scheme": "file",
      "format": "csv",
      "mediatype": "text/csv"
    },
    {
      "name": "group__unit__node_inertia__period__t",
      "type": "table",
      "path": "output\\group__unit__node_inertia__period__t.csv",
      "scheme": "file",
      "format": "csv",
      "mediatype": "text/csv"
    },
    {
      "name": "node_capacity__period",
      "type": "table",
      "path": "output\\node_capacity__period.csv",
      "scheme": "file",
      "format": "csv",
      "mediatype": "text/csv"
    },
    {
      "name": "node_invest_marginal__period",
      "type": "table",
      "path": "output\\node_invest_marginal__period.csv",
      "scheme": "file",
      "format": "csv",
      "mediatype": "text/csv"
    },
    {
      "name": "node_prices__period__t",
      "type": "table",
      "path": "output\\node_prices__period__t.csv",
      "scheme": "file",
      "format": "csv",
      "mediatype": "text/csv"
    },
    {
      "name": "node_ramp__period__t",
      "type": "table",
      "path": "output\\node_ramp__period__t.csv",
      "scheme": "file",
      "format": "csv",
      "mediatype": "text/csv"
    },
    {
      "name": "node_state__period__t",
      "type": "table",
      "path": "output\\node_state__period__t.csv",
      "scheme": "file",
      "format": "csv",
      "mediatype": "text/csv"
    },
    {
      "name": "node__period",
      "type": "table",
      "path": "output\\node__period.csv",
      "scheme": "file",
      "format": "csv",
      "mediatype": "text/csv"
    },
    {
      "name": "node__period__t",
      "type": "table",
      "path": "output\\node__period__t.csv",
      "scheme": "file",
      "format": "csv",
      "mediatype": "text/csv"
    },
    {
      "name": "process__period_co2",
      "type": "table",
      "path": "output\\process__period_co2.csv",
      "scheme": "file",
      "format": "csv",
      "mediatype": "text/csv"
    },
    {
      "name": "process__reserve__updown__node__period_average",
      "type": "table",
      "path": "output\\process__reserve__upDown__node__period_average.csv",
      "scheme": "file",
      "format": "csv",
      "mediatype": "text/csv"
    },
    {
      "name": "process__reserve__updown__node__period__t",
      "type": "table",
      "path": "output\\process__reserve__upDown__node__period__t.csv",
      "scheme": "file",
      "format": "csv",
      "mediatype": "text/csv"
    },
    {
      "name": "reserve_price__updown__group__period__t",
      "type": "table",
      "path": "output\\reserve_price__upDown__group__period__t.csv",
      "scheme": "file",
      "format": "csv",
      "mediatype": "text/csv"
    },
    {
      "name": "slack__capacity_margin__period",
      "type": "table",
      "path": "output\\slack__capacity_margin__period.csv",
      "scheme": "file",
      "format": "csv",
      "mediatype": "text/csv"
    },
    {
      "name": "slack__downward__node_state__period__t",
      "type": "table",
      "path": "output\\slack__downward__node_state__period__t.csv",
      "scheme": "file",
      "format": "csv",
      "mediatype": "text/csv"
    },
    {
      "name": "slack__inertia_group__period__t",
      "type": "table",
      "path": "output\\slack__inertia_group__period__t.csv",
      "scheme": "file",
      "format": "csv",
      "mediatype": "text/csv"
    },
    {
      "name": "slack__nonsync_group__period__t",
      "type": "table",
      "path": "output\\slack__nonsync_group__period__t.csv",
      "scheme": "file",
      "format": "csv",
      "mediatype": "text/csv"
    },
    {
      "name": "slack__reserve__updown__group__period__t",
      "type": "table",
      "path": "output\\slack__reserve__upDown__group__period__t.csv",
      "scheme": "file",
      "format": "csv",
      "mediatype": "text/csv"
    },
    {
      "name": "slack__upward__node_state__period__t",
      "type": "table",
      "path": "output\\slack__upward__node_state__period__t.csv",
      "scheme": "file",
      "format": "csv",
      "mediatype": "text/csv"
    },
    {
      "name": "summary_solve",
      "type": "table",
      "path": "output\\summary_solve.csv",
      "scheme": "file",
      "format": "csv",
      "mediatype": "text/csv"
    },
    {
      "name": "unit_capacity__period",
      "type": "table",
      "path": "output\\unit_capacity__period.csv",
      "scheme": "file",
      "format": "csv",
      "mediatype": "text/csv"
    },
    {
      "name": "unit_cf__inputnode__period",
      "type": "table",
      "path": "output\\unit_cf__inputNode__period.csv",
      "scheme": "file",
      "format": "csv",
      "mediatype": "text/csv"
    },
    {
      "name": "unit_cf__outputnode__period",
      "type": "table",
      "path": "output\\unit_cf__outputNode__period.csv",
      "scheme": "file",
      "format": "csv",
      "mediatype": "text/csv"
    },
    {
      "name": "unit_curtailment_share__outputnode__period",
      "type": "table",
      "path": "output\\unit_curtailment_share__outputNode__period.csv",
      "scheme": "file",
      "format": "csv",
      "mediatype": "text/csv"
    },
    {
      "name": "unit_curtailment__outputnode__period__t",
      "type": "table",
      "path": "output\\unit_curtailment__outputNode__period__t.csv",
      "scheme": "file",
      "format": "csv",
      "mediatype": "text/csv"
    },
    {
      "name": "unit_invest_marginal__period",
      "type": "table",
      "path": "output\\unit_invest_marginal__period.csv",
      "scheme": "file",
      "format": "csv",
      "mediatype": "text/csv"
    },
    {
      "name": "unit_online__period_average",
      "type": "table",
      "path": "output\\unit_online__period_average.csv",
      "scheme": "file",
      "format": "csv",
      "mediatype": "text/csv"
    },
    {
      "name": "unit_online__period__t",
      "type": "table",
      "path": "output\\unit_online__period__t.csv",
      "scheme": "file",
      "format": "csv",
      "mediatype": "text/csv"
    },
    {
      "name": "unit_ramp__inputnode__dt",
      "type": "table",
      "path": "output\\unit_ramp__inputNode__dt.csv",
      "scheme": "file",
      "format": "csv",
      "mediatype": "text/csv"
    },
    {
      "name": "unit_ramp__outputnode__dt",
      "type": "table",
      "path": "output\\unit_ramp__outputNode__dt.csv",
      "scheme": "file",
      "format": "csv",
      "mediatype": "text/csv"
    },
    {
      "name": "unit_startup__period",
      "type": "table",
      "path": "output\\unit_startup__period.csv",
      "scheme": "file",
      "format": "csv",
      "mediatype": "text/csv"
    },
    {
      "name": "unit__inputnode__period",
      "type": "table",
      "path": "output\\unit__inputNode__period.csv",
      "scheme": "file",
      "format": "csv",
      "mediatype": "text/csv"
    },
    {
      "name": "unit__inputnode__period__t",
      "type": "table",
      "path": "output\\unit__inputNode__period__t.csv",
      "scheme": "file",
      "format": "csv",
      "mediatype": "text/csv"
    },
    {
      "name": "unit__outputnode__period",
      "type": "table",
      "path": "output\\unit__outputNode__period.csv",
      "scheme": "file",
      "format": "csv",
      "mediatype": "text/csv"
    },
    {
      "name": "unit__outputnode__period__t",
      "type": "table",
      "path": "output\\unit__outputNode__period__t.csv",
      "scheme": "file",
      "format": "csv",
      "mediatype": "text/csv"
    }
  ]
}