class,process,solve,period,"CO2 [Mt/a]"
unit,UTOPIA__IMPDSL1,model,1990,858330.93
unit,UTOPIA__IMPDSL1,model,1991,901247.48
unit,UTOPIA__IMPDSL1,model,1992,944164.02
unit,UTOPIA__IMPDSL1,model,1993,987080.57
unit,UTOPIA__IMPDSL1,model,1994,1029997.1
unit,UTOPIA__IMPDSL1,model,1995,1072913.7
unit,UTOPIA__IMPDSL1,model,1996,1115830.2
unit,UTOPIA__IMPDSL1,model,1997,1158746.8
unit,UTOPIA__IMPDSL1,model,1998,1201663.3
unit,UTOPIA__IMPDSL1,model,1999,1244579.8
unit,UTOPIA__IMPDSL1,model,2000,1133811.5
unit,UTOPIA__IMPDSL1,model,2001,1072159.5
unit,UTOPIA__IMPDSL1,model,2002,999306.01
unit,UTOPIA__IMPDSL1,model,2003,929428.96
unit,UTOPIA__IMPDSL1,model,2004,856575.51
unit,UTOPIA__IMPDSL1,model,2005,786698.46
unit,UTOPIA__IMPDSL1,model,2006,713845.77
unit,UTOPIA__IMPDSL1,model,2007,643968.72
unit,UTOPIA__IMPDSL1,model,2008,571115.27
unit,UTOPIA__IMPDSL1,model,2009,501238.22
unit,UTOPIA__IMPDSL1,model,2010,428384.77
unit,UTOPIA__IMPGSL1,model,1990,0
unit,UTOPIA__IMPGSL1,model,1991,0
unit,UTOPIA__IMPGSL1,model,1992,0
unit,UTOPIA__IMPGSL1,model,1993,0
unit,UTOPIA__IMPGSL1,model,1994,0
unit,UTOPIA__IMPGSL1,model,1995,0
unit,UTOPIA__IMPGSL1,model,1996,0
unit,UTOPIA__IMPGSL1,model,1997,0
unit,UTOPIA__IMPGSL1,model,1998,0
unit,UTOPIA__IMPGSL1,model,1999,0
unit,UTOPIA__IMPGSL1,model,2000,0
unit,UTOPIA__IMPGSL1,model,2001,0
unit,UTOPIA__IMPGSL1,model,2002,0
unit,UTOPIA__IMPGSL1,model,2003,0
unit,UTOPIA__IMPGSL1,model,2004,0
unit,UTOPIA__IMPGSL1,model,2005,0
unit,UTOPIA__IMPGSL1,model,2006,0
unit,UTOPIA__IMPGSL1,model,2007,0
unit,UTOPIA__IMPGSL1,model,2008,0
unit,UTOPIA__IMPGSL1,model,2009,0
unit,UTOPIA__IMPGSL1,model,2010,0
unit,UTOPIA__IMPHCO1,model,1990,347120.92
unit,UTOPIA__IMPHCO1,model,1991,362174.59
unit,UTOPIA__IMPHCO1,model,1992,383806.47
unit,UTOPIA__IMPHCO1,model,1993,398860.14
unit,UTOPIA__IMPHCO1,model,1994,420492.03
unit,UTOPIA__IMPHCO1,model,1995,442123.91
unit,UTOPIA__IMPHCO1,model,1996,457177.58
unit,UTOPIA__IMPHCO1,model,1997,478809.46
unit,UTOPIA__IMPHCO1,model,1998,500441.35
unit,UTOPIA__IMPHCO1,model,1999,522073.23
unit,UTOPIA__IMPHCO1,model,2000,914716.53
unit,UTOPIA__IMPHCO1,model,2001,1275871.1
unit,UTOPIA__IMPHCO1,model,2002,1664486.6
unit,UTOPIA__IMPHCO1,model,2003,2045375.8
unit,UTOPIA__IMPHCO1,model,2004,2433991.3
unit,UTOPIA__IMPHCO1,model,2005,2814880.5
unit,UTOPIA__IMPHCO1,model,2006,3203494
unit,UTOPIA__IMPHCO1,model,2007,3584383.2
unit,UTOPIA__IMPHCO1,model,2008,3972998.7
unit,UTOPIA__IMPHCO1,model,2009,4353887.9
unit,UTOPIA__IMPHCO1,model,2010,4735925.1
unit,UTOPIA__IMPOIL1,model,1990,0
unit,UTOPIA__IMPOIL1,model,1991,0
unit,UTOPIA__IMPOIL1,model,1992,0
unit,UTOPIA__IMPOIL1,model,1993,0
unit,UTOPIA__IMPOIL1,model,1994,0
unit,UTOPIA__IMPOIL1,model,1995,0
unit,UTOPIA__IMPOIL1,model,1996,0
unit,UTOPIA__IMPOIL1,model,1997,0
unit,UTOPIA__IMPOIL1,model,1998,0
unit,UTOPIA__IMPOIL1,model,1999,0
unit,UTOPIA__IMPOIL1,model,2000,0
unit,UTOPIA__IMPOIL1,model,2001,0
unit,UTOPIA__IMPOIL1,model,2002,0
unit,UTOPIA__IMPOIL1,model,2003,0
unit,UTOPIA__IMPOIL1,model,2004,0
unit,UTOPIA__IMPOIL1,model,2005,0
unit,UTOPIA__IMPOIL1,model,2006,0
unit,UTOPIA__IMPOIL1,model,2007,0
unit,UTOPIA__IMPOIL1,model,2008,0
unit,UTOPIA__IMPOIL1,model,2009,0
unit,UTOPIA__IMPOIL1,model,2010,0
