{
    "name": "external_importer",
    "item_type": "Importer",
    "mapping": {
        "table_mappings": {
            "data": [
                {
                    "Mapping capacity": {
                        "mapping": [
                            {
                                "map_type": "ObjectClass",
                                "position": 4
                            },
                            {
                                "map_type": "Object",
                                "position": 1
                            },
                            {
                                "map_type": "ObjectMetadata",
                                "position": "hidden"
                            },
                            {
                                "map_type": "ParameterDefinition",
                                "position": "hidden",
                                "value": "capacity"
                            },
                            {
                                "map_type": "Alternative",
                                "position": "hidden",
                                "value": "PyPSA"
                            },
                            {
                                "map_type": "ParameterValueMetadata",
                                "position": "hidden"
                            },
                            {
                                "map_type": "ParameterValue",
                                "position": 6
                            }
                        ]
                    }
                },
                {
                    "Mapping efficiency": {
                        "mapping": [
                            {
                                "map_type": "ObjectClass",
                                "position": 4
                            },
                            {
                                "map_type": "Object",
                                "position": 1
                            },
                            {
                                "map_type": "ObjectMetadata",
                                "position": "hidden"
                            },
                            {
                                "map_type": "ParameterDefinition",
                                "position": "hidden",
                                "value": "efficiency"
                            },
                            {
                                "map_type": "Alternative",
                                "position": "hidden",
                                "value": "PyPSA"
                            },
                            {
                                "map_type": "ParameterValueMetadata",
                                "position": "hidden"
                            },
                            {
                                "map_type": "ParameterValue",
                                "position": 7
                            }
                        ]
                    }
                },
                {
                    "Mapping plant type": {
                        "mapping": [
                            {
                                "map_type": "ObjectClass",
                                "position": 4
                            },
                            {
                                "map_type": "Object",
                                "position": 1
                            },
                            {
                                "map_type": "ObjectMetadata",
                                "position": "hidden"
                            },
                            {
                                "map_type": "ParameterDefinition",
                                "position": "hidden",
                                "value": "planttype"
                            },
                            {
                                "map_type": "Alternative",
                                "position": "hidden",
                                "value": "PyPSA"
                            },
                            {
                                "map_type": "ParameterValueMetadata",
                                "position": "hidden"
                            },
                            {
                                "map_type": "ParameterValue",
                                "position": 3
                            }
                        ]
                    }
                },
                {
                    "Mapping country": {
                        "mapping": [
                            {
                                "map_type": "ObjectClass",
                                "position": 4
                            },
                            {
                                "map_type": "Object",
                                "position": 1
                            },
                            {
                                "map_type": "ObjectMetadata",
                                "position": "hidden"
                            },
                            {
                                "map_type": "ParameterDefinition",
                                "position": "hidden",
                                "value": "country"
                            },
                            {
                                "map_type": "Alternative",
                                "position": "hidden",
                                "value": "PyPSA"
                            },
                            {
                                "map_type": "ParameterValueMetadata",
                                "position": "hidden"
                            },
                            {
                                "map_type": "ParameterValue",
                                "position": 5
                            }
                        ]
                    }
                }
            ]
        },
        "selected_tables": [
            "data"
        ],
        "table_options": {
            "data": {
                "encoding": "utf-8",
                "delimiter": ",",
                "quotechar": "'",
                "skip": 1,
                "has_header": false
            }
        },
        "table_types": {
            "data": {
                "0": "string",
                "1": "string",
                "2": "string",
                "3": "float",
                "4": "string",
                "5": "float",
                "6": "float",
                "7": "float",
                "8": "string",
                "9": "string",
                "10": "string",
                "11": "string",
                "12": "string",
                "13": "string",
                "14": "string",
                "15": "string",
                "16": "string",
                "17": "string",
                "18": "string",
                "19": "string",
                "20": "string",
                "21": "string",
                "22": "string",
                "23": "string",
                "24": "string",
                "25": "string",
                "26": "string",
                "27": "string",
                "28": "string",
                "29": "string",
                "30": "string",
                "31": "string",
                "32": "string",
                "33": "string",
                "34": "string",
                "35": "string",
                "36": "string",
                "37": "string",
                "38": "string",
                "39": "string",
                "40": "string",
                "41": "string",
                "42": "string"
            }
        },
        "table_default_column_type": {},
        "table_row_types": {},
        "source_type": "CSVConnector"
    },
    "description": "Import the external data"
}