"Diagnostic results from all solves. Output at (UTC): 2025-09-03T16:18:35Z"

"Solve",model
"Total cost obj. function (M CUR)",0.850740707799,"Minimized total system cost as given by the solver (includes all penalty costs)"
"Total cost (calculated) full horizon (M CUR)",0.850740708053,"Annualized operational, penalty and investment costs"
"Total cost (calculated) realized periods (M CUR)",0.850740708053
"Operational costs for realized periods (M CUR)",0.850740708053
"Investment costs for realized periods (M CUR)",0
"Retirement costs (negative salvage value) for realized periods (M CUR)",0
"Fixed costs for existing units (M CUR)",8256.46333468
"Penalty (slack) costs for realized periods (M CUR)",0

Period,1990,1991,1992,1993,1994,1995,1996,1997,1998,1999,2000,2001,2002,2003,2004,2005,2006,2007,2008,2009,2010
"Time in use in years",0.0820776255708,0.0820776255708,0.0820776255708,0.0820776255708,0.0820776255708,0.0820776255708,0.0820776255708,0.0820776255708,0.0820776255708,0.0820776255708,0.0820776255708,0.0820776255708,0.0820776255708,0.0820776255708,0.0820776255708,0.0820776255708,0.0820776255708,0.0820776255708,0.0820776255708,0.0820776255708,0.0820776255708
"Operational discount factor",0.975900072949,0.929428640903,0.885170134194,0.843019175423,0.802875405164,0.764643243014,0.728231660013,0.693553961917,0.660527582778,0.62907388836,0.599117988914,0.570588560871,0.54341767702,0.517540644781,0.492895852172,0.469424621116,0.44707106773,0.425781969267,0.405506637397,0.386196797521,0.367806473829
"Investment discount factor",0.975900072949,0.929428640903,0.885170134194,0.843019175423,0.802875405164,0.764643243014,0.728231660013,0.693553961917,0.660527582778,0.62907388836,0.599117988914,0.570588560871,0.54341767702,0.517540644781,0.492895852172,0.469424621116,0.44707106773,0.425781969267,0.405506637397,0.386196797521,0.367806473829

Emissions
"CO2 (Mt)",54.4642,"System-wide annualized CO2 emissions for all periods"
"CO2 (Mt)",54.4642,"System-wide annualized CO2 emissions for realized periods"

"Slack variables (creating or removing energy/matter, creating inertia, changing non-synchronous generation to synchronous)"
