REGION,TECHNOLOGY,EMISSION,YEAR,VALUE
"UTOPIA","IMPDSL1","CO2",1990,3.09000000081
"UTOPIA","IMPDSL1","CO2",1991,3.2445000008505
"UTOPIA","IMPDSL1","CO2",1992,3.399000000891
"UTOPIA","IMPDSL1","CO2",1993,3.5535000009315
"UTOPIA","IMPDSL1","CO2",1994,3.708000000972
"UTOPIA","IMPDSL1","CO2",1995,3.8625000010125
"UTOPIA","IMPDSL1","CO2",1996,4.017000001053
"UTOPIA","IMPDSL1","CO2",1997,4.1715000010935
"UTOPIA","IMPDSL1","CO2",1998,4.326000001134
"UTOPIA","IMPDSL1","CO2",1999,4.4805000011745
"UTOPIA","IMPDSL1","CO2",2000,4.36445898274629
"UTOPIA","IMPDSL1","CO2",2001,4.2505903122649
"UTOPIA","IMPDSL1","CO2",2002,4.12868592749539
"UTOPIA","IMPDSL1","CO2",2003,4.014817257014
"UTOPIA","IMPDSL1","CO2",2004,3.89291287224449
"UTOPIA","IMPDSL1","CO2",2005,3.77904420176311
"UTOPIA","IMPDSL1","CO2",2006,3.6571398169936
"UTOPIA","IMPDSL1","CO2",2007,3.54327114651221
"UTOPIA","IMPDSL1","CO2",2008,3.42311117475595
"UTOPIA","IMPDSL1","CO2",2009,3.38797372777768
"UTOPIA","IMPDSL1","CO2",2010,3.34747913794065
"UTOPIA","IMPHCO1","CO2",1990,0.543704156963499
"UTOPIA","IMPHCO1","CO2",1991,0.590215657578
"UTOPIA","IMPHCO1","CO2",1992,0.652515657578
"UTOPIA","IMPHCO1","CO2",1993,0.699027158192499
"UTOPIA","IMPHCO1","CO2",1994,0.768245775
"UTOPIA","IMPHCO1","CO2",1995,0.846120775
"UTOPIA","IMPHCO1","CO2",1996,0.90031421
"UTOPIA","IMPHCO1","CO2",1997,0.978189209999999
"UTOPIA","IMPHCO1","CO2",1998,1.05606421
"UTOPIA","IMPHCO1","CO2",1999,1.13393921
"UTOPIA","IMPHCO1","CO2",2000,1.89041203856435
"UTOPIA","IMPHCO1","CO2",2001,2.83315362141089
"UTOPIA","IMPHCO1","CO2",2002,3.86779927425742
"UTOPIA","IMPHCO1","CO2",2003,4.88158555210395
"UTOPIA","IMPHCO1","CO2",2004,5.91623120495049
"UTOPIA","IMPHCO1","CO2",2005,6.93001748279702
"UTOPIA","IMPHCO1","CO2",2006,7.96466313564356
"UTOPIA","IMPHCO1","CO2",2007,8.9784494134901
"UTOPIA","IMPHCO1","CO2",2008,10.0085668608911
"UTOPIA","IMPHCO1","CO2",2009,10.8179800044554
"UTOPIA","IMPHCO1","CO2",2010,11.6176178330198
"UTOPIA","TXD","NOX",1990,5.2
"UTOPIA","TXD","NOX",1991,5.46
"UTOPIA","TXD","NOX",1992,5.72
"UTOPIA","TXD","NOX",1993,5.98
"UTOPIA","TXD","NOX",1994,6.24
"UTOPIA","TXD","NOX",1995,6.5
"UTOPIA","TXD","NOX",1996,6.76
"UTOPIA","TXD","NOX",1997,7.02
"UTOPIA","TXD","NOX",1998,7.28
"UTOPIA","TXD","NOX",1999,7.54
"UTOPIA","TXD","NOX",2000,7.8
"UTOPIA","TXD","NOX",2001,8.189
"UTOPIA","TXD","NOX",2002,8.578
"UTOPIA","TXD","NOX",2003,8.967
"UTOPIA","TXD","NOX",2004,9.356
"UTOPIA","TXD","NOX",2005,9.745
"UTOPIA","TXD","NOX",2006,10.134
"UTOPIA","TXD","NOX",2007,10.523
"UTOPIA","TXD","NOX",2008,10.912
"UTOPIA","TXD","NOX",2009,11.301
"UTOPIA","TXD","NOX",2010,11.69
