REGION,TIMESLICE,FUEL,YEAR,VALUE
"UTOPIA","ID","RH",1990,3.024
"UTOPIA","ID","RH",1991,3.1752
"UTOPIA","ID","RH",1992,3.3264
"UTOPIA","ID","RH",1993,3.4776
"UTOPIA","ID","RH",1994,3.6288
"UTOPIA","ID","RH",1995,3.78
"UTOPIA","ID","RH",1996,3.9312
"UTOPIA","ID","RH",1997,4.0824
"UTOPIA","ID","RH",1998,4.2336
"UTOPIA","ID","RH",1999,4.3848
"UTOPIA","ID","RH",2000,4.536
"UTOPIA","ID","RH",2001,4.7628
"UTOPIA","ID","RH",2002,4.9896
"UTOPIA","ID","RH",2003,5.2164
"UTOPIA","ID","RH",2004,5.4432
"UTOPIA","ID","RH",2005,5.67
"UTOPIA","ID","RH",2006,5.8968
"UTOPIA","ID","RH",2007,6.1236
"UTOPIA","ID","RH",2008,6.3504
"UTOPIA","ID","RH",2009,6.5772
"UTOPIA","ID","RH",2010,6.804
"UTOPIA","ID","RL",1990,0.84
"UTOPIA","ID","RL",1991,0.882
"UTOPIA","ID","RL",1992,0.924
"UTOPIA","ID","RL",1993,0.966
"UTOPIA","ID","RL",1994,1.008
"UTOPIA","ID","RL",1995,1.05
"UTOPIA","ID","RL",1996,1.092
"UTOPIA","ID","RL",1997,1.134
"UTOPIA","ID","RL",1998,1.176
"UTOPIA","ID","RL",1999,1.218
"UTOPIA","ID","RL",2000,1.26
"UTOPIA","ID","RL",2001,1.323
"UTOPIA","ID","RL",2002,1.386
"UTOPIA","ID","RL",2003,1.449
"UTOPIA","ID","RL",2004,1.512
"UTOPIA","ID","RL",2005,1.575
"UTOPIA","ID","RL",2006,1.638
"UTOPIA","ID","RL",2007,1.701
"UTOPIA","ID","RL",2008,1.764
"UTOPIA","ID","RL",2009,1.827
"UTOPIA","ID","RL",2010,1.89
"UTOPIA","IN","RH",1990,1.512
"UTOPIA","IN","RH",1991,1.5876
"UTOPIA","IN","RH",1992,1.6632
"UTOPIA","IN","RH",1993,1.7388
"UTOPIA","IN","RH",1994,1.8144
"UTOPIA","IN","RH",1995,1.89
"UTOPIA","IN","RH",1996,1.9656
"UTOPIA","IN","RH",1997,2.0412
"UTOPIA","IN","RH",1998,2.1168
"UTOPIA","IN","RH",1999,2.1924
"UTOPIA","IN","RH",2000,2.268
"UTOPIA","IN","RH",2001,2.3814
"UTOPIA","IN","RH",2002,2.4948
"UTOPIA","IN","RH",2003,2.6082
"UTOPIA","IN","RH",2004,2.7216
"UTOPIA","IN","RH",2005,2.835
"UTOPIA","IN","RH",2006,2.9484
"UTOPIA","IN","RH",2007,3.0618
"UTOPIA","IN","RH",2008,3.1752
"UTOPIA","IN","RH",2009,3.2886
"UTOPIA","IN","RH",2010,3.402
"UTOPIA","IN","RL",1990,0.28
"UTOPIA","IN","RL",1991,0.294
"UTOPIA","IN","RL",1992,0.308
"UTOPIA","IN","RL",1993,0.322
"UTOPIA","IN","RL",1994,0.336
"UTOPIA","IN","RL",1995,0.35
"UTOPIA","IN","RL",1996,0.364
"UTOPIA","IN","RL",1997,0.378
"UTOPIA","IN","RL",1998,0.392
"UTOPIA","IN","RL",1999,0.406
"UTOPIA","IN","RL",2000,0.42
"UTOPIA","IN","RL",2001,0.441
"UTOPIA","IN","RL",2002,0.462
"UTOPIA","IN","RL",2003,0.483
"UTOPIA","IN","RL",2004,0.504
"UTOPIA","IN","RL",2005,0.525
"UTOPIA","IN","RL",2006,0.546
"UTOPIA","IN","RL",2007,0.567
"UTOPIA","IN","RL",2008,0.588
"UTOPIA","IN","RL",2009,0.609
"UTOPIA","IN","RL",2010,0.63
"UTOPIA","SD","RL",1990,0.84
"UTOPIA","SD","RL",1991,0.882
"UTOPIA","SD","RL",1992,0.924
"UTOPIA","SD","RL",1993,0.966
"UTOPIA","SD","RL",1994,1.008
"UTOPIA","SD","RL",1995,1.05
"UTOPIA","SD","RL",1996,1.092
"UTOPIA","SD","RL",1997,1.134
"UTOPIA","SD","RL",1998,1.176
"UTOPIA","SD","RL",1999,1.218
"UTOPIA","SD","RL",2000,1.26
"UTOPIA","SD","RL",2001,1.323
"UTOPIA","SD","RL",2002,1.386
"UTOPIA","SD","RL",2003,1.449
"UTOPIA","SD","RL",2004,1.512
"UTOPIA","SD","RL",2005,1.575
"UTOPIA","SD","RL",2006,1.638
"UTOPIA","SD","RL",2007,1.701
"UTOPIA","SD","RL",2008,1.764
"UTOPIA","SD","RL",2009,1.827
"UTOPIA","SD","RL",2010,1.89
"UTOPIA","SN","RL",1990,0.28
"UTOPIA","SN","RL",1991,0.294
"UTOPIA","SN","RL",1992,0.308
"UTOPIA","SN","RL",1993,0.322
"UTOPIA","SN","RL",1994,0.336
"UTOPIA","SN","RL",1995,0.35
"UTOPIA","SN","RL",1996,0.364
"UTOPIA","SN","RL",1997,0.378
"UTOPIA","SN","RL",1998,0.392
"UTOPIA","SN","RL",1999,0.406
"UTOPIA","SN","RL",2000,0.42
"UTOPIA","SN","RL",2001,0.441
"UTOPIA","SN","RL",2002,0.462
"UTOPIA","SN","RL",2003,0.483
"UTOPIA","SN","RL",2004,0.504
"UTOPIA","SN","RL",2005,0.525
"UTOPIA","SN","RL",2006,0.546
"UTOPIA","SN","RL",2007,0.567
"UTOPIA","SN","RL",2008,0.588
"UTOPIA","SN","RL",2009,0.609
"UTOPIA","SN","RL",2010,0.63
"UTOPIA","WD","RH",1990,13.77684
"UTOPIA","WD","RH",1991,14.465682
"UTOPIA","WD","RH",1992,15.154524
"UTOPIA","WD","RH",1993,15.843366
"UTOPIA","WD","RH",1994,16.532208
"UTOPIA","WD","RH",1995,17.22105
"UTOPIA","WD","RH",1996,17.909892
"UTOPIA","WD","RH",1997,18.598734
"UTOPIA","WD","RH",1998,19.287576
"UTOPIA","WD","RH",1999,19.976418
"UTOPIA","WD","RH",2000,20.66526
"UTOPIA","WD","RH",2001,21.698523
"UTOPIA","WD","RH",2002,22.731786
"UTOPIA","WD","RH",2003,23.765049
"UTOPIA","WD","RH",2004,24.798312
"UTOPIA","WD","RH",2005,25.831575
"UTOPIA","WD","RH",2006,26.864838
"UTOPIA","WD","RH",2007,27.898101
"UTOPIA","WD","RH",2008,28.931364
"UTOPIA","WD","RH",2009,29.964627
"UTOPIA","WD","RH",2010,30.99789
"UTOPIA","WD","RL",1990,2.8
"UTOPIA","WD","RL",1991,2.94
"UTOPIA","WD","RL",1992,3.08
"UTOPIA","WD","RL",1993,3.22
"UTOPIA","WD","RL",1994,3.36
"UTOPIA","WD","RL",1995,3.5
"UTOPIA","WD","RL",1996,3.64
"UTOPIA","WD","RL",1997,3.78
"UTOPIA","WD","RL",1998,3.92
"UTOPIA","WD","RL",1999,4.06
"UTOPIA","WD","RL",2000,4.2
"UTOPIA","WD","RL",2001,4.41
"UTOPIA","WD","RL",2002,4.62
"UTOPIA","WD","RL",2003,4.83
"UTOPIA","WD","RL",2004,5.04
"UTOPIA","WD","RL",2005,5.25
"UTOPIA","WD","RL",2006,5.46
"UTOPIA","WD","RL",2007,5.67
"UTOPIA","WD","RL",2008,5.88
"UTOPIA","WD","RL",2009,6.09
"UTOPIA","WD","RL",2010,6.3
"UTOPIA","WN","RH",1990,6.88716
"UTOPIA","WN","RH",1991,7.231518
"UTOPIA","WN","RH",1992,7.575876
"UTOPIA","WN","RH",1993,7.920234
"UTOPIA","WN","RH",1994,8.264592
"UTOPIA","WN","RH",1995,8.60895
"UTOPIA","WN","RH",1996,8.953308
"UTOPIA","WN","RH",1997,9.297666
"UTOPIA","WN","RH",1998,9.642024
"UTOPIA","WN","RH",1999,9.986382
"UTOPIA","WN","RH",2000,10.33074
"UTOPIA","WN","RH",2001,10.847277
"UTOPIA","WN","RH",2002,11.363814
"UTOPIA","WN","RH",2003,11.880351
"UTOPIA","WN","RH",2004,12.396888
"UTOPIA","WN","RH",2005,12.913425
"UTOPIA","WN","RH",2006,13.429962
"UTOPIA","WN","RH",2007,13.946499
"UTOPIA","WN","RH",2008,14.463036
"UTOPIA","WN","RH",2009,14.979573
"UTOPIA","WN","RH",2010,15.49611
"UTOPIA","WN","RL",1990,0.56
"UTOPIA","WN","RL",1991,0.588
"UTOPIA","WN","RL",1992,0.616
"UTOPIA","WN","RL",1993,0.644
"UTOPIA","WN","RL",1994,0.672
"UTOPIA","WN","RL",1995,0.7
"UTOPIA","WN","RL",1996,0.728
"UTOPIA","WN","RL",1997,0.756
"UTOPIA","WN","RL",1998,0.784
"UTOPIA","WN","RL",1999,0.812
"UTOPIA","WN","RL",2000,0.84
"UTOPIA","WN","RL",2001,0.882
"UTOPIA","WN","RL",2002,0.924
"UTOPIA","WN","RL",2003,0.966
"UTOPIA","WN","RL",2004,1.008
"UTOPIA","WN","RL",2005,1.05
"UTOPIA","WN","RL",2006,1.092
"UTOPIA","WN","RL",2007,1.134
"UTOPIA","WN","RL",2008,1.176
"UTOPIA","WN","RL",2009,1.218
"UTOPIA","WN","RL",2010,1.26
