REGION,TIMESLICE,TECHNOLOGY,FUEL,YEAR,VALUE
"UTOPIA","ID","E01","ELC",1990,0.20862815088
"UTOPIA","ID","E01","ELC",1991,0.23643411264
"UTOPIA","ID","E01","ELC",1992,0.27843411264
"UTOPIA","ID","E01","ELC",1993,0.3062400744
"UTOPIA","ID","E01","ELC",1994,0.3482400744
"UTOPIA","ID","E01","ELC",1995,0.3902400744
"UTOPIA","ID","E01","ELC",1996,0.41804603616
"UTOPIA","ID","E01","ELC",1997,0.460046036159999
"UTOPIA","ID","E01","ELC",1998,0.50204603616
"UTOPIA","ID","E01","ELC",1999,0.544046036159999
"UTOPIA","ID","E01","ELC",2000,1.13308633455366
"UTOPIA","ID","E01","ELC",2001,1.87033072478416
"UTOPIA","ID","E01","ELC",2002,2.66682722973465
"UTOPIA","ID","E01","ELC",2003,3.44665373468515
"UTOPIA","ID","E01","ELC",2004,4.24315023963564
"UTOPIA","ID","E01","ELC",2005,5.02297674458614
"UTOPIA","ID","E01","ELC",2006,5.81947324953663
"UTOPIA","ID","E01","ELC",2007,6.59929975448713
"UTOPIA","ID","E01","ELC",2008,7.3836698832
"UTOPIA","ID","E01","ELC",2009,7.6734698832
"UTOPIA","ID","E01","ELC",2010,7.94907584496
"UTOPIA","ID","E31","ELC",1990,0.18452249712
"UTOPIA","ID","E31","ELC",1991,0.19871653536
"UTOPIA","ID","E31","ELC",1992,0.19871653536
"UTOPIA","ID","E31","ELC",1993,0.2129105736
"UTOPIA","ID","E31","ELC",1994,0.2129105736
"UTOPIA","ID","E31","ELC",1995,0.2129105736
"UTOPIA","ID","E31","ELC",1996,0.22710461184
"UTOPIA","ID","E31","ELC",1997,0.22710461184
"UTOPIA","ID","E31","ELC",1998,0.22710461184
"UTOPIA","ID","E31","ELC",1999,0.22710461184
"UTOPIA","ID","E31","ELC",2000,0.24129865008
"UTOPIA","ID","E31","ELC",2001,0.2838807648
"UTOPIA","ID","E31","ELC",2002,0.2838807648
"UTOPIA","ID","E31","ELC",2003,0.2838807648
"UTOPIA","ID","E31","ELC",2004,0.2838807648
"UTOPIA","ID","E31","ELC",2005,0.2838807648
"UTOPIA","ID","E31","ELC",2006,0.2838807648
"UTOPIA","ID","E31","ELC",2007,0.2838807648
"UTOPIA","ID","E31","ELC",2008,0.2838807648
"UTOPIA","ID","E31","ELC",2009,0.2838807648
"UTOPIA","ID","E31","ELC",2010,0.29807480304
"UTOPIA","ID","E51","ELC",1990,0.446849352
"UTOPIA","ID","E51","ELC",1991,0.446849352
"UTOPIA","ID","E51","ELC",1992,0.446849352
"UTOPIA","ID","E51","ELC",1993,0.446849352
"UTOPIA","ID","E51","ELC",1994,0.446849352
"UTOPIA","ID","E51","ELC",1995,0.446849352
"UTOPIA","ID","E51","ELC",1996,0.446849352
"UTOPIA","ID","E51","ELC",1997,0.446849352
"UTOPIA","ID","E51","ELC",1998,0.446849352
"UTOPIA","ID","E51","ELC",1999,0.446849352
"UTOPIA","ID","E51","ELC",2000,0.446849352
"UTOPIA","ID","E51","ELC",2001,0.446849352
"UTOPIA","ID","E51","ELC",2002,0.446849352
"UTOPIA","ID","E51","ELC",2003,0.446849352
"UTOPIA","ID","E51","ELC",2004,0.446849352
"UTOPIA","ID","E51","ELC",2005,0.446849352
"UTOPIA","ID","E51","ELC",2006,0.446849352
"UTOPIA","ID","E51","ELC",2007,0.446849352
"UTOPIA","ID","E51","ELC",2008,0.446849352
"UTOPIA","ID","E51","ELC",2009,0.446849352
"UTOPIA","ID","E51","ELC",2010,0.446849352
"UTOPIA","ID","IMPDSL1","DSL",1990,5.186840001296
"UTOPIA","ID","IMPDSL1","DSL",1991,5.4461820013608
"UTOPIA","ID","IMPDSL1","DSL",1992,5.7055240014256
"UTOPIA","ID","IMPDSL1","DSL",1993,5.9648660014904
"UTOPIA","ID","IMPDSL1","DSL",1994,6.2242080015552
"UTOPIA","ID","IMPDSL1","DSL",1995,6.48355000162
"UTOPIA","ID","IMPDSL1","DSL",1996,6.7428920016848
"UTOPIA","ID","IMPDSL1","DSL",1997,7.0022340017496
"UTOPIA","ID","IMPDSL1","DSL",1998,7.2615760018144
"UTOPIA","ID","IMPDSL1","DSL",1999,7.5209180018792
"UTOPIA","ID","IMPDSL1","DSL",2000,6.97849666365538
"UTOPIA","ID","IMPDSL1","DSL",2001,6.34330509923038
"UTOPIA","ID","IMPDSL1","DSL",2002,5.68429924908395
"UTOPIA","ID","IMPDSL1","DSL",2003,5.04910768465894
"UTOPIA","ID","IMPDSL1","DSL",2004,4.3901018345125
"UTOPIA","ID","IMPDSL1","DSL",2005,3.7549102700875
"UTOPIA","ID","IMPDSL1","DSL",2006,3.09590441994107
"UTOPIA","ID","IMPDSL1","DSL",2007,2.46071285551606
"UTOPIA","ID","IMPDSL1","DSL",2008,1.8190304
"UTOPIA","ID","IMPDSL1","DSL",2009,1.8838767
"UTOPIA","ID","IMPDSL1","DSL",2010,1.948723
"UTOPIA","ID","IMPHCO1","HCO",1990,0.651962971499999
"UTOPIA","ID","IMPHCO1","HCO",1991,0.738856601999999
"UTOPIA","ID","IMPHCO1","HCO",1992,0.870106601999999
"UTOPIA","ID","IMPHCO1","HCO",1993,0.957000232499999
"UTOPIA","ID","IMPHCO1","HCO",1994,1.0882502325
"UTOPIA","ID","IMPHCO1","HCO",1995,1.2195002325
"UTOPIA","ID","IMPHCO1","HCO",1996,1.306393863
"UTOPIA","ID","IMPHCO1","HCO",1997,1.437643863
"UTOPIA","ID","IMPHCO1","HCO",1998,1.568893863
"UTOPIA","ID","IMPHCO1","HCO",1999,1.700143863
"UTOPIA","ID","IMPHCO1","HCO",2000,3.54089479548019
"UTOPIA","ID","IMPHCO1","HCO",2001,5.84478351495049
"UTOPIA","ID","IMPHCO1","HCO",2002,8.33383509292077
"UTOPIA","ID","IMPHCO1","HCO",2003,10.7707929208911
"UTOPIA","ID","IMPHCO1","HCO",2004,13.2598444988614
"UTOPIA","ID","IMPHCO1","HCO",2005,15.6968023268317
"UTOPIA","ID","IMPHCO1","HCO",2006,18.185853904802
"UTOPIA","ID","IMPHCO1","HCO",2007,20.6228117327723
"UTOPIA","ID","IMPHCO1","HCO",2008,23.073968385
"UTOPIA","ID","IMPHCO1","HCO",2009,23.979593385
"UTOPIA","ID","IMPHCO1","HCO",2010,24.8408620155
"UTOPIA","ID","RHE","RH",2000,0.561234336633661
"UTOPIA","ID","RHE","RH",2001,1.27806084158416
"UTOPIA","ID","RHE","RH",2002,2.01155734653465
"UTOPIA","ID","RHE","RH",2003,2.72838385148514
"UTOPIA","ID","RHE","RH",2004,3.46188035643564
"UTOPIA","ID","RHE","RH",2005,4.17870686138614
"UTOPIA","ID","RHE","RH",2006,4.91220336633663
"UTOPIA","ID","RHE","RH",2007,5.62902987128713
"UTOPIA","ID","RHE","RH",2008,6.3504
"UTOPIA","ID","RHE","RH",2009,6.5772
"UTOPIA","ID","RHE","RH",2010,6.804
"UTOPIA","ID","RHO","RH",1990,3.024
"UTOPIA","ID","RHO","RH",1991,3.1752
"UTOPIA","ID","RHO","RH",1992,3.3264
"UTOPIA","ID","RHO","RH",1993,3.4776
"UTOPIA","ID","RHO","RH",1994,3.6288
"UTOPIA","ID","RHO","RH",1995,3.78
"UTOPIA","ID","RHO","RH",1996,3.9312
"UTOPIA","ID","RHO","RH",1997,4.0824
"UTOPIA","ID","RHO","RH",1998,4.2336
"UTOPIA","ID","RHO","RH",1999,4.3848
"UTOPIA","ID","RHO","RH",2000,3.97476566336634
"UTOPIA","ID","RHO","RH",2001,3.48473915841584
"UTOPIA","ID","RHO","RH",2002,2.97804265346535
"UTOPIA","ID","RHO","RH",2003,2.48801614851486
"UTOPIA","ID","RHO","RH",2004,1.98131964356436
"UTOPIA","ID","RHO","RH",2005,1.49129313861386
"UTOPIA","ID","RHO","RH",2006,0.98459663366337
"UTOPIA","ID","RHO","RH",2007,0.494570128712873
"UTOPIA","ID","RL1","RL",1990,0.84
"UTOPIA","ID","RL1","RL",1991,0.882
"UTOPIA","ID","RL1","RL",1992,0.924
"UTOPIA","ID","RL1","RL",1993,0.966
"UTOPIA","ID","RL1","RL",1994,1.008
"UTOPIA","ID","RL1","RL",1995,1.05
"UTOPIA","ID","RL1","RL",1996,1.092
"UTOPIA","ID","RL1","RL",1997,1.134
"UTOPIA","ID","RL1","RL",1998,1.176
"UTOPIA","ID","RL1","RL",1999,1.218
"UTOPIA","ID","RL1","RL",2000,1.26
"UTOPIA","ID","RL1","RL",2001,1.323
"UTOPIA","ID","RL1","RL",2002,1.386
"UTOPIA","ID","RL1","RL",2003,1.449
"UTOPIA","ID","RL1","RL",2004,1.512
"UTOPIA","ID","RL1","RL",2005,1.575
"UTOPIA","ID","RL1","RL",2006,1.638
"UTOPIA","ID","RL1","RL",2007,1.701
"UTOPIA","ID","RL1","RL",2008,1.764
"UTOPIA","ID","RL1","RL",2009,1.827
"UTOPIA","ID","RL1","RL",2010,1.89
"UTOPIA","ID","TXD","TX",1990,0.86684
"UTOPIA","ID","TXD","TX",1991,0.910182
"UTOPIA","ID","TXD","TX",1992,0.953524
"UTOPIA","ID","TXD","TX",1993,0.996866
"UTOPIA","ID","TXD","TX",1994,1.040208
"UTOPIA","ID","TXD","TX",1995,1.08355
"UTOPIA","ID","TXD","TX",1996,1.126892
"UTOPIA","ID","TXD","TX",1997,1.170234
"UTOPIA","ID","TXD","TX",1998,1.213576
"UTOPIA","ID","TXD","TX",1999,1.256918
"UTOPIA","ID","TXD","TX",2000,1.30026
"UTOPIA","ID","TXD","TX",2001,1.3651063
"UTOPIA","ID","TXD","TX",2002,1.4299526
"UTOPIA","ID","TXD","TX",2003,1.4947989
"UTOPIA","ID","TXD","TX",2004,1.5596452
"UTOPIA","ID","TXD","TX",2005,1.6244915
"UTOPIA","ID","TXD","TX",2006,1.6893378
"UTOPIA","ID","TXD","TX",2007,1.7541841
"UTOPIA","ID","TXD","TX",2008,1.8190304
"UTOPIA","ID","TXD","TX",2009,1.8838767
"UTOPIA","ID","TXD","TX",2010,1.948723
"UTOPIA","ID","RIV","HYD",1990,0.5766328035
"UTOPIA","ID","RIV","HYD",1991,0.620989173
"UTOPIA","ID","RIV","HYD",1992,0.620989173
"UTOPIA","ID","RIV","HYD",1993,0.6653455425
"UTOPIA","ID","RIV","HYD",1994,0.6653455425
"UTOPIA","ID","RIV","HYD",1995,0.6653455425
"UTOPIA","ID","RIV","HYD",1996,0.709701912
"UTOPIA","ID","RIV","HYD",1997,0.709701912
"UTOPIA","ID","RIV","HYD",1998,0.709701912
"UTOPIA","ID","RIV","HYD",1999,0.709701912
"UTOPIA","ID","RIV","HYD",2000,0.7540582815
"UTOPIA","ID","RIV","HYD",2001,0.88712739
"UTOPIA","ID","RIV","HYD",2002,0.88712739
"UTOPIA","ID","RIV","HYD",2003,0.88712739
"UTOPIA","ID","RIV","HYD",2004,0.88712739
"UTOPIA","ID","RIV","HYD",2005,0.88712739
"UTOPIA","ID","RIV","HYD",2006,0.88712739
"UTOPIA","ID","RIV","HYD",2007,0.887127390000001
"UTOPIA","ID","RIV","HYD",2008,0.88712739
"UTOPIA","ID","RIV","HYD",2009,0.88712739
"UTOPIA","ID","RIV","HYD",2010,0.9314837595
"UTOPIA","IN","E01","ELC",1994,0.00631792560000002
"UTOPIA","IN","E01","ELC",1995,0.0203179256000001
"UTOPIA","IN","E01","ELC",1996,0.0272251638399999
"UTOPIA","IN","E01","ELC",1997,0.0412251638399998
"UTOPIA","IN","E01","ELC",1998,0.05522516384
"UTOPIA","IN","E01","ELC",1999,0.06922516384
"UTOPIA","IN","E01","ELC",2000,0.356581233763167
"UTOPIA","IN","E01","ELC",2001,0.71450119600792
"UTOPIA","IN","E01","ELC",2002,1.10202944353267
"UTOPIA","IN","E01","ELC",2003,1.48122769105742
"UTOPIA","IN","E01","ELC",2004,1.86875593858218
"UTOPIA","IN","E01","ELC",2005,2.24795418610693
"UTOPIA","IN","E01","ELC",2006,2.63548243363168
"UTOPIA","IN","E01","ELC",2007,3.01468068115644
"UTOPIA","IN","E01","ELC",2008,3.3980541168
"UTOPIA","IN","E01","ELC",2009,3.5324541168
"UTOPIA","IN","E01","ELC",2010,3.65976135504
"UTOPIA","IN","E31","ELC",1990,0.056709352
"UTOPIA","IN","E31","ELC",1991,0.070709352
"UTOPIA","IN","E31","ELC",1992,0.0847093520000001
"UTOPIA","IN","E31","ELC",1993,0.098709352
"UTOPIA","IN","E31","ELC",1994,0.1063914264
"UTOPIA","IN","E31","ELC",1995,0.1063914264
"UTOPIA","IN","E31","ELC",1996,0.11348418816
"UTOPIA","IN","E31","ELC",1997,0.11348418816
"UTOPIA","IN","E31","ELC",1998,0.11348418816
"UTOPIA","IN","E31","ELC",1999,0.11348418816
"UTOPIA","IN","E31","ELC",2000,0.12057694992
"UTOPIA","IN","E31","ELC",2001,0.1418552352
"UTOPIA","IN","E31","ELC",2002,0.1418552352
"UTOPIA","IN","E31","ELC",2003,0.1418552352
"UTOPIA","IN","E31","ELC",2004,0.1418552352
"UTOPIA","IN","E31","ELC",2005,0.1418552352
"UTOPIA","IN","E31","ELC",2006,0.1418552352
"UTOPIA","IN","E31","ELC",2007,0.1418552352
"UTOPIA","IN","E31","ELC",2008,0.1418552352
"UTOPIA","IN","E31","ELC",2009,0.1418552352
"UTOPIA","IN","E31","ELC",2010,0.14894799696
"UTOPIA","IN","E51","ELC",1990,0.223290648
"UTOPIA","IN","E51","ELC",1991,0.223290648
"UTOPIA","IN","E51","ELC",1992,0.223290648
"UTOPIA","IN","E51","ELC",1993,0.223290648
"UTOPIA","IN","E51","ELC",1994,0.223290648
"UTOPIA","IN","E51","ELC",1995,0.223290648
"UTOPIA","IN","E51","ELC",1996,0.223290648
"UTOPIA","IN","E51","ELC",1997,0.223290648
"UTOPIA","IN","E51","ELC",1998,0.223290648
"UTOPIA","IN","E51","ELC",1999,0.223290648
"UTOPIA","IN","E51","ELC",2000,0.223290648
"UTOPIA","IN","E51","ELC",2001,0.223290648
"UTOPIA","IN","E51","ELC",2002,0.223290648
"UTOPIA","IN","E51","ELC",2003,0.223290648
"UTOPIA","IN","E51","ELC",2004,0.223290648
"UTOPIA","IN","E51","ELC",2005,0.223290648
"UTOPIA","IN","E51","ELC",2006,0.223290648
"UTOPIA","IN","E51","ELC",2007,0.223290648
"UTOPIA","IN","E51","ELC",2008,0.223290648
"UTOPIA","IN","E51","ELC",2009,0.223290648
"UTOPIA","IN","E51","ELC",2010,0.223290648
"UTOPIA","IN","IMPDSL1","DSL",1990,2.593160000648
"UTOPIA","IN","IMPDSL1","DSL",1991,2.7228180006804
"UTOPIA","IN","IMPDSL1","DSL",1992,2.8524760007128
"UTOPIA","IN","IMPDSL1","DSL",1993,2.9821340007452
"UTOPIA","IN","IMPDSL1","DSL",1994,3.1117920007776
"UTOPIA","IN","IMPDSL1","DSL",1995,3.24145000081
"UTOPIA","IN","IMPDSL1","DSL",1996,3.3711080008424
"UTOPIA","IN","IMPDSL1","DSL",1997,3.5007660008748
"UTOPIA","IN","IMPDSL1","DSL",1998,3.6304240009072
"UTOPIA","IN","IMPDSL1","DSL",1999,3.7600820009396
"UTOPIA","IN","IMPDSL1","DSL",2000,3.489098812733
"UTOPIA","IN","IMPDSL1","DSL",2001,3.17179073044987
"UTOPIA","IN","IMPDSL1","DSL",2002,2.84258264816317
"UTOPIA","IN","IMPDSL1","DSL",2003,2.52527456588003
"UTOPIA","IN","IMPDSL1","DSL",2004,2.19606648359333
"UTOPIA","IN","IMPDSL1","DSL",2005,1.8787584013102
"UTOPIA","IN","IMPDSL1","DSL",2006,1.5495503190235
"UTOPIA","IN","IMPDSL1","DSL",2007,1.23224223674037
"UTOPIA","IN","IMPDSL1","DSL",2008,0.9089696
"UTOPIA","IN","IMPDSL1","DSL",2009,0.9413733
"UTOPIA","IN","IMPDSL1","DSL",2010,0.973777
"UTOPIA","IN","IMPHCO1","HCO",1994,0.0197435175000001
"UTOPIA","IN","IMPHCO1","HCO",1995,0.0634935175000004
"UTOPIA","IN","IMPHCO1","HCO",1996,0.0850786369999998
"UTOPIA","IN","IMPHCO1","HCO",1997,0.128828637
"UTOPIA","IN","IMPHCO1","HCO",1998,0.172578637
"UTOPIA","IN","IMPHCO1","HCO",1999,0.216328637
"UTOPIA","IN","IMPHCO1","HCO",2000,1.1143163555099
"UTOPIA","IN","IMPHCO1","HCO",2001,2.23281623752475
"UTOPIA","IN","IMPHCO1","HCO",2002,3.4438420110396
"UTOPIA","IN","IMPHCO1","HCO",2003,4.62883653455445
"UTOPIA","IN","IMPHCO1","HCO",2004,5.83986230806931
"UTOPIA","IN","IMPHCO1","HCO",2005,7.02485683158416
"UTOPIA","IN","IMPHCO1","HCO",2006,8.23588260509901
"UTOPIA","IN","IMPHCO1","HCO",2007,9.42087712861386
"UTOPIA","IN","IMPHCO1","HCO",2008,10.618919115
"UTOPIA","IN","IMPHCO1","HCO",2009,11.038919115
"UTOPIA","IN","IMPHCO1","HCO",2010,11.4367542345
"UTOPIA","IN","RHE","RH",2000,0.280448831683167
"UTOPIA","IN","RHE","RH",2001,0.63864707920792
"UTOPIA","IN","RHE","RH",2002,1.00517532673267
"UTOPIA","IN","RHE","RH",2003,1.36337357425742
"UTOPIA","IN","RHE","RH",2004,1.72990182178218
"UTOPIA","IN","RHE","RH",2005,2.08810006930693
"UTOPIA","IN","RHE","RH",2006,2.45462831683168
"UTOPIA","IN","RHE","RH",2007,2.81282656435644
"UTOPIA","IN","RHE","RH",2008,3.1752
"UTOPIA","IN","RHE","RH",2009,3.2886
"UTOPIA","IN","RHE","RH",2010,3.402
"UTOPIA","IN","RHO","RH",1990,1.512
"UTOPIA","IN","RHO","RH",1991,1.5876
"UTOPIA","IN","RHO","RH",1992,1.6632
"UTOPIA","IN","RHO","RH",1993,1.7388
"UTOPIA","IN","RHO","RH",1994,1.8144
"UTOPIA","IN","RHO","RH",1995,1.89
"UTOPIA","IN","RHO","RH",1996,1.9656
"UTOPIA","IN","RHO","RH",1997,2.0412
"UTOPIA","IN","RHO","RH",1998,2.1168
"UTOPIA","IN","RHO","RH",1999,2.1924
"UTOPIA","IN","RHO","RH",2000,1.98755116831683
"UTOPIA","IN","RHO","RH",2001,1.74275292079208
"UTOPIA","IN","RHO","RH",2002,1.48962467326733
"UTOPIA","IN","RHO","RH",2003,1.24482642574258
"UTOPIA","IN","RHO","RH",2004,0.991698178217821
"UTOPIA","IN","RHO","RH",2005,0.74689993069307
"UTOPIA","IN","RHO","RH",2006,0.493771683168319
"UTOPIA","IN","RHO","RH",2007,0.248973435643564
"UTOPIA","IN","RL1","RL",1990,0.28
"UTOPIA","IN","RL1","RL",1991,0.294
"UTOPIA","IN","RL1","RL",1992,0.308
"UTOPIA","IN","RL1","RL",1993,0.322
"UTOPIA","IN","RL1","RL",1994,0.336
"UTOPIA","IN","RL1","RL",1995,0.35
"UTOPIA","IN","RL1","RL",1996,0.364
"UTOPIA","IN","RL1","RL",1997,0.378
"UTOPIA","IN","RL1","RL",1998,0.392
"UTOPIA","IN","RL1","RL",1999,0.406
"UTOPIA","IN","RL1","RL",2000,0.42
"UTOPIA","IN","RL1","RL",2001,0.441
"UTOPIA","IN","RL1","RL",2002,0.462
"UTOPIA","IN","RL1","RL",2003,0.483
"UTOPIA","IN","RL1","RL",2004,0.504
"UTOPIA","IN","RL1","RL",2005,0.525
"UTOPIA","IN","RL1","RL",2006,0.546
"UTOPIA","IN","RL1","RL",2007,0.567
"UTOPIA","IN","RL1","RL",2008,0.588
"UTOPIA","IN","RL1","RL",2009,0.609
"UTOPIA","IN","RL1","RL",2010,0.63
"UTOPIA","IN","TXD","TX",1990,0.43316
"UTOPIA","IN","TXD","TX",1991,0.454818
"UTOPIA","IN","TXD","TX",1992,0.476476
"UTOPIA","IN","TXD","TX",1993,0.498134
"UTOPIA","IN","TXD","TX",1994,0.519792
"UTOPIA","IN","TXD","TX",1995,0.54145
"UTOPIA","IN","TXD","TX",1996,0.563108
"UTOPIA","IN","TXD","TX",1997,0.584766
"UTOPIA","IN","TXD","TX",1998,0.606424
"UTOPIA","IN","TXD","TX",1999,0.628082
"UTOPIA","IN","TXD","TX",2000,0.64974
"UTOPIA","IN","TXD","TX",2001,0.6821437
"UTOPIA","IN","TXD","TX",2002,0.7145474
"UTOPIA","IN","TXD","TX",2003,0.7469511
"UTOPIA","IN","TXD","TX",2004,0.7793548
"UTOPIA","IN","TXD","TX",2005,0.8117585
"UTOPIA","IN","TXD","TX",2006,0.8441622
"UTOPIA","IN","TXD","TX",2007,0.8765659
"UTOPIA","IN","TXD","TX",2008,0.9089696
"UTOPIA","IN","TXD","TX",2009,0.9413733
"UTOPIA","IN","TXD","TX",2010,0.973777
"UTOPIA","IN","RIV","HYD",1990,0.177216725
"UTOPIA","IN","RIV","HYD",1991,0.220966725
"UTOPIA","IN","RIV","HYD",1992,0.264716725
"UTOPIA","IN","RIV","HYD",1993,0.308466725
"UTOPIA","IN","RIV","HYD",1994,0.3324732075
"UTOPIA","IN","RIV","HYD",1995,0.3324732075
"UTOPIA","IN","RIV","HYD",1996,0.354638088
"UTOPIA","IN","RIV","HYD",1997,0.354638088
"UTOPIA","IN","RIV","HYD",1998,0.354638088
"UTOPIA","IN","RIV","HYD",1999,0.354638088
"UTOPIA","IN","RIV","HYD",2000,0.3768029685
"UTOPIA","IN","RIV","HYD",2001,0.44329761
"UTOPIA","IN","RIV","HYD",2002,0.44329761
"UTOPIA","IN","RIV","HYD",2003,0.44329761
"UTOPIA","IN","RIV","HYD",2004,0.44329761
"UTOPIA","IN","RIV","HYD",2005,0.44329761
"UTOPIA","IN","RIV","HYD",2006,0.44329761
"UTOPIA","IN","RIV","HYD",2007,0.44329761
"UTOPIA","IN","RIV","HYD",2008,0.44329761
"UTOPIA","IN","RIV","HYD",2009,0.44329761
"UTOPIA","IN","RIV","HYD",2010,0.4654624905
"UTOPIA","SD","E01","ELC",1990,0.20862815088
"UTOPIA","SD","E01","ELC",1991,0.23643411264
"UTOPIA","SD","E01","ELC",1992,0.27843411264
"UTOPIA","SD","E01","ELC",1993,0.3062400744
"UTOPIA","SD","E01","ELC",1994,0.3482400744
"UTOPIA","SD","E01","ELC",1995,0.3902400744
"UTOPIA","SD","E01","ELC",1996,0.41804603616
"UTOPIA","SD","E01","ELC",1997,0.460046036159999
"UTOPIA","SD","E01","ELC",1998,0.50204603616
"UTOPIA","SD","E01","ELC",1999,0.544046036159999
"UTOPIA","SD","E01","ELC",2000,0.57185199792
"UTOPIA","SD","E01","ELC",2001,0.592269883199999
"UTOPIA","SD","E01","ELC",2002,0.6552698832
"UTOPIA","SD","E01","ELC",2003,0.7182698832
"UTOPIA","SD","E01","ELC",2004,0.7812698832
"UTOPIA","SD","E01","ELC",2005,0.8442698832
"UTOPIA","SD","E01","ELC",2006,0.9072698832
"UTOPIA","SD","E01","ELC",2007,0.9702698832
"UTOPIA","SD","E01","ELC",2008,1.0332698832
"UTOPIA","SD","E01","ELC",2009,1.0962698832
"UTOPIA","SD","E01","ELC",2010,1.14507584496
"UTOPIA","SD","E31","ELC",1990,0.18452249712
"UTOPIA","SD","E31","ELC",1991,0.19871653536
"UTOPIA","SD","E31","ELC",1992,0.19871653536
"UTOPIA","SD","E31","ELC",1993,0.2129105736
"UTOPIA","SD","E31","ELC",1994,0.2129105736
"UTOPIA","SD","E31","ELC",1995,0.2129105736
"UTOPIA","SD","E31","ELC",1996,0.22710461184
"UTOPIA","SD","E31","ELC",1997,0.22710461184
"UTOPIA","SD","E31","ELC",1998,0.22710461184
"UTOPIA","SD","E31","ELC",1999,0.22710461184
"UTOPIA","SD","E31","ELC",2000,0.24129865008
"UTOPIA","SD","E31","ELC",2001,0.2838807648
"UTOPIA","SD","E31","ELC",2002,0.2838807648
"UTOPIA","SD","E31","ELC",2003,0.2838807648
"UTOPIA","SD","E31","ELC",2004,0.2838807648
"UTOPIA","SD","E31","ELC",2005,0.2838807648
"UTOPIA","SD","E31","ELC",2006,0.2838807648
"UTOPIA","SD","E31","ELC",2007,0.2838807648
"UTOPIA","SD","E31","ELC",2008,0.2838807648
"UTOPIA","SD","E31","ELC",2009,0.2838807648
"UTOPIA","SD","E31","ELC",2010,0.29807480304
"UTOPIA","SD","E51","ELC",1990,0.446849352
"UTOPIA","SD","E51","ELC",1991,0.446849352
"UTOPIA","SD","E51","ELC",1992,0.446849352
"UTOPIA","SD","E51","ELC",1993,0.446849352
"UTOPIA","SD","E51","ELC",1994,0.446849352
"UTOPIA","SD","E51","ELC",1995,0.446849352
"UTOPIA","SD","E51","ELC",1996,0.446849352
"UTOPIA","SD","E51","ELC",1997,0.446849352
"UTOPIA","SD","E51","ELC",1998,0.446849352
"UTOPIA","SD","E51","ELC",1999,0.446849352
"UTOPIA","SD","E51","ELC",2000,0.446849352
"UTOPIA","SD","E51","ELC",2001,0.446849352
"UTOPIA","SD","E51","ELC",2002,0.446849352
"UTOPIA","SD","E51","ELC",2003,0.446849352
"UTOPIA","SD","E51","ELC",2004,0.446849352
"UTOPIA","SD","E51","ELC",2005,0.446849352
"UTOPIA","SD","E51","ELC",2006,0.446849352
"UTOPIA","SD","E51","ELC",2007,0.446849352
"UTOPIA","SD","E51","ELC",2008,0.446849352
"UTOPIA","SD","E51","ELC",2009,0.446849352
"UTOPIA","SD","E51","ELC",2010,0.446849352
"UTOPIA","SD","IMPDSL1","DSL",1990,0.86684
"UTOPIA","SD","IMPDSL1","DSL",1991,0.910182
"UTOPIA","SD","IMPDSL1","DSL",1992,0.953523999999999
"UTOPIA","SD","IMPDSL1","DSL",1993,0.996866
"UTOPIA","SD","IMPDSL1","DSL",1994,1.040208
"UTOPIA","SD","IMPDSL1","DSL",1995,1.08355
"UTOPIA","SD","IMPDSL1","DSL",1996,1.126892
"UTOPIA","SD","IMPDSL1","DSL",1997,1.170234
"UTOPIA","SD","IMPDSL1","DSL",1998,1.213576
"UTOPIA","SD","IMPDSL1","DSL",1999,1.256918
"UTOPIA","SD","IMPDSL1","DSL",2000,1.30026
"UTOPIA","SD","IMPDSL1","DSL",2001,1.3651063
"UTOPIA","SD","IMPDSL1","DSL",2002,1.4299526
"UTOPIA","SD","IMPDSL1","DSL",2003,1.4947989
"UTOPIA","SD","IMPDSL1","DSL",2004,1.5596452
"UTOPIA","SD","IMPDSL1","DSL",2005,1.6244915
"UTOPIA","SD","IMPDSL1","DSL",2006,1.6893378
"UTOPIA","SD","IMPDSL1","DSL",2007,1.7541841
"UTOPIA","SD","IMPDSL1","DSL",2008,1.8190304
"UTOPIA","SD","IMPDSL1","DSL",2009,1.8838767
"UTOPIA","SD","IMPDSL1","DSL",2010,1.948723
"UTOPIA","SD","IMPHCO1","HCO",1990,0.651962971499999
"UTOPIA","SD","IMPHCO1","HCO",1991,0.738856601999999
"UTOPIA","SD","IMPHCO1","HCO",1992,0.870106601999999
"UTOPIA","SD","IMPHCO1","HCO",1993,0.957000232499999
"UTOPIA","SD","IMPHCO1","HCO",1994,1.0882502325
"UTOPIA","SD","IMPHCO1","HCO",1995,1.2195002325
"UTOPIA","SD","IMPHCO1","HCO",1996,1.306393863
"UTOPIA","SD","IMPHCO1","HCO",1997,1.437643863
"UTOPIA","SD","IMPHCO1","HCO",1998,1.568893863
"UTOPIA","SD","IMPHCO1","HCO",1999,1.700143863
"UTOPIA","SD","IMPHCO1","HCO",2000,1.7870374935
"UTOPIA","SD","IMPHCO1","HCO",2001,1.850843385
"UTOPIA","SD","IMPHCO1","HCO",2002,2.047718385
"UTOPIA","SD","IMPHCO1","HCO",2003,2.244593385
"UTOPIA","SD","IMPHCO1","HCO",2004,2.441468385
"UTOPIA","SD","IMPHCO1","HCO",2005,2.638343385
"UTOPIA","SD","IMPHCO1","HCO",2006,2.835218385
"UTOPIA","SD","IMPHCO1","HCO",2007,3.032093385
"UTOPIA","SD","IMPHCO1","HCO",2008,3.228968385
"UTOPIA","SD","IMPHCO1","HCO",2009,3.425843385
"UTOPIA","SD","IMPHCO1","HCO",2010,3.5783620155
"UTOPIA","SD","RL1","RL",1990,0.84
"UTOPIA","SD","RL1","RL",1991,0.882
"UTOPIA","SD","RL1","RL",1992,0.924
"UTOPIA","SD","RL1","RL",1993,0.966
"UTOPIA","SD","RL1","RL",1994,1.008
"UTOPIA","SD","RL1","RL",1995,1.05
"UTOPIA","SD","RL1","RL",1996,1.092
"UTOPIA","SD","RL1","RL",1997,1.134
"UTOPIA","SD","RL1","RL",1998,1.176
"UTOPIA","SD","RL1","RL",1999,1.218
"UTOPIA","SD","RL1","RL",2000,1.26
"UTOPIA","SD","RL1","RL",2001,1.323
"UTOPIA","SD","RL1","RL",2002,1.386
"UTOPIA","SD","RL1","RL",2003,1.449
"UTOPIA","SD","RL1","RL",2004,1.512
"UTOPIA","SD","RL1","RL",2005,1.575
"UTOPIA","SD","RL1","RL",2006,1.638
"UTOPIA","SD","RL1","RL",2007,1.701
"UTOPIA","SD","RL1","RL",2008,1.764
"UTOPIA","SD","RL1","RL",2009,1.827
"UTOPIA","SD","RL1","RL",2010,1.89
"UTOPIA","SD","TXD","TX",1990,0.86684
"UTOPIA","SD","TXD","TX",1991,0.910182
"UTOPIA","SD","TXD","TX",1992,0.953524
"UTOPIA","SD","TXD","TX",1993,0.996866
"UTOPIA","SD","TXD","TX",1994,1.040208
"UTOPIA","SD","TXD","TX",1995,1.08355
"UTOPIA","SD","TXD","TX",1996,1.126892
"UTOPIA","SD","TXD","TX",1997,1.170234
"UTOPIA","SD","TXD","TX",1998,1.213576
"UTOPIA","SD","TXD","TX",1999,1.256918
"UTOPIA","SD","TXD","TX",2000,1.30026
"UTOPIA","SD","TXD","TX",2001,1.3651063
"UTOPIA","SD","TXD","TX",2002,1.4299526
"UTOPIA","SD","TXD","TX",2003,1.4947989
"UTOPIA","SD","TXD","TX",2004,1.5596452
"UTOPIA","SD","TXD","TX",2005,1.6244915
"UTOPIA","SD","TXD","TX",2006,1.6893378
"UTOPIA","SD","TXD","TX",2007,1.7541841
"UTOPIA","SD","TXD","TX",2008,1.8190304
"UTOPIA","SD","TXD","TX",2009,1.8838767
"UTOPIA","SD","TXD","TX",2010,1.948723
"UTOPIA","SD","RIV","HYD",1990,0.5766328035
"UTOPIA","SD","RIV","HYD",1991,0.620989173
"UTOPIA","SD","RIV","HYD",1992,0.620989173
"UTOPIA","SD","RIV","HYD",1993,0.6653455425
"UTOPIA","SD","RIV","HYD",1994,0.6653455425
"UTOPIA","SD","RIV","HYD",1995,0.6653455425
"UTOPIA","SD","RIV","HYD",1996,0.709701912
"UTOPIA","SD","RIV","HYD",1997,0.709701912
"UTOPIA","SD","RIV","HYD",1998,0.709701912
"UTOPIA","SD","RIV","HYD",1999,0.709701912
"UTOPIA","SD","RIV","HYD",2000,0.7540582815
"UTOPIA","SD","RIV","HYD",2001,0.88712739
"UTOPIA","SD","RIV","HYD",2002,0.88712739
"UTOPIA","SD","RIV","HYD",2003,0.88712739
"UTOPIA","SD","RIV","HYD",2004,0.887127389999999
"UTOPIA","SD","RIV","HYD",2005,0.88712739
"UTOPIA","SD","RIV","HYD",2006,0.88712739
"UTOPIA","SD","RIV","HYD",2007,0.88712739
"UTOPIA","SD","RIV","HYD",2008,0.88712739
"UTOPIA","SD","RIV","HYD",2009,0.88712739
"UTOPIA","SD","RIV","HYD",2010,0.9314837595
"UTOPIA","SN","E01","ELC",1994,0.00631792560000002
"UTOPIA","SN","E01","ELC",1995,0.0203179256000001
"UTOPIA","SN","E01","ELC",1996,0.0272251638399999
"UTOPIA","SN","E01","ELC",1997,0.0412251638399998
"UTOPIA","SN","E01","ELC",1998,0.05522516384
"UTOPIA","SN","E01","ELC",1999,0.06922516384
"UTOPIA","SN","E01","ELC",2000,0.07613240208
"UTOPIA","SN","E01","ELC",2001,0.0758541168000001
"UTOPIA","SN","E01","ELC",2002,0.0968541168000001
"UTOPIA","SN","E01","ELC",2003,0.1178541168
"UTOPIA","SN","E01","ELC",2004,0.1388541168
"UTOPIA","SN","E01","ELC",2005,0.1598541168
"UTOPIA","SN","E01","ELC",2006,0.1808541168
"UTOPIA","SN","E01","ELC",2007,0.2018541168
"UTOPIA","SN","E01","ELC",2008,0.2228541168
"UTOPIA","SN","E01","ELC",2009,0.2438541168
"UTOPIA","SN","E01","ELC",2010,0.25776135504
"UTOPIA","SN","E31","ELC",1990,0.056709352
"UTOPIA","SN","E31","ELC",1991,0.070709352
"UTOPIA","SN","E31","ELC",1992,0.0847093520000001
"UTOPIA","SN","E31","ELC",1993,0.098709352
"UTOPIA","SN","E31","ELC",1994,0.1063914264
"UTOPIA","SN","E31","ELC",1995,0.1063914264
"UTOPIA","SN","E31","ELC",1996,0.11348418816
"UTOPIA","SN","E31","ELC",1997,0.11348418816
"UTOPIA","SN","E31","ELC",1998,0.11348418816
"UTOPIA","SN","E31","ELC",1999,0.11348418816
"UTOPIA","SN","E31","ELC",2000,0.12057694992
"UTOPIA","SN","E31","ELC",2001,0.1418552352
"UTOPIA","SN","E31","ELC",2002,0.1418552352
"UTOPIA","SN","E31","ELC",2003,0.1418552352
"UTOPIA","SN","E31","ELC",2004,0.1418552352
"UTOPIA","SN","E31","ELC",2005,0.1418552352
"UTOPIA","SN","E31","ELC",2006,0.1418552352
"UTOPIA","SN","E31","ELC",2007,0.1418552352
"UTOPIA","SN","E31","ELC",2008,0.1418552352
"UTOPIA","SN","E31","ELC",2009,0.1418552352
"UTOPIA","SN","E31","ELC",2010,0.14894799696
"UTOPIA","SN","E51","ELC",1990,0.223290648
"UTOPIA","SN","E51","ELC",1991,0.223290648
"UTOPIA","SN","E51","ELC",1992,0.223290648
"UTOPIA","SN","E51","ELC",1993,0.223290648
"UTOPIA","SN","E51","ELC",1994,0.223290648
"UTOPIA","SN","E51","ELC",1995,0.223290648
"UTOPIA","SN","E51","ELC",1996,0.223290648
"UTOPIA","SN","E51","ELC",1997,0.223290648
"UTOPIA","SN","E51","ELC",1998,0.223290648
"UTOPIA","SN","E51","ELC",1999,0.223290648
"UTOPIA","SN","E51","ELC",2000,0.223290648
"UTOPIA","SN","E51","ELC",2001,0.223290648
"UTOPIA","SN","E51","ELC",2002,0.223290648
"UTOPIA","SN","E51","ELC",2003,0.223290648
"UTOPIA","SN","E51","ELC",2004,0.223290648
"UTOPIA","SN","E51","ELC",2005,0.223290648
"UTOPIA","SN","E51","ELC",2006,0.223290648
"UTOPIA","SN","E51","ELC",2007,0.223290648
"UTOPIA","SN","E51","ELC",2008,0.223290648
"UTOPIA","SN","E51","ELC",2009,0.223290648
"UTOPIA","SN","E51","ELC",2010,0.223290648
"UTOPIA","SN","IMPDSL1","DSL",1990,0.43316
"UTOPIA","SN","IMPDSL1","DSL",1991,0.454818
"UTOPIA","SN","IMPDSL1","DSL",1992,0.476476
"UTOPIA","SN","IMPDSL1","DSL",1993,0.498134
"UTOPIA","SN","IMPDSL1","DSL",1994,0.519792
"UTOPIA","SN","IMPDSL1","DSL",1995,0.54145
"UTOPIA","SN","IMPDSL1","DSL",1996,0.563108
"UTOPIA","SN","IMPDSL1","DSL",1997,0.584766
"UTOPIA","SN","IMPDSL1","DSL",1998,0.606424
"UTOPIA","SN","IMPDSL1","DSL",1999,0.628082
"UTOPIA","SN","IMPDSL1","DSL",2000,0.64974
"UTOPIA","SN","IMPDSL1","DSL",2001,0.6821437
"UTOPIA","SN","IMPDSL1","DSL",2002,0.7145474
"UTOPIA","SN","IMPDSL1","DSL",2003,0.7469511
"UTOPIA","SN","IMPDSL1","DSL",2004,0.7793548
"UTOPIA","SN","IMPDSL1","DSL",2005,0.8117585
"UTOPIA","SN","IMPDSL1","DSL",2006,0.8441622
"UTOPIA","SN","IMPDSL1","DSL",2007,0.8765659
"UTOPIA","SN","IMPDSL1","DSL",2008,0.9089696
"UTOPIA","SN","IMPDSL1","DSL",2009,0.9413733
"UTOPIA","SN","IMPDSL1","DSL",2010,0.973777
"UTOPIA","SN","IMPHCO1","HCO",1994,0.0197435175000001
"UTOPIA","SN","IMPHCO1","HCO",1995,0.0634935175000004
"UTOPIA","SN","IMPHCO1","HCO",1996,0.0850786369999998
"UTOPIA","SN","IMPHCO1","HCO",1997,0.128828637
"UTOPIA","SN","IMPHCO1","HCO",1998,0.172578637
"UTOPIA","SN","IMPHCO1","HCO",1999,0.216328637
"UTOPIA","SN","IMPHCO1","HCO",2000,0.2379137565
"UTOPIA","SN","IMPHCO1","HCO",2001,0.237044115
"UTOPIA","SN","IMPHCO1","HCO",2002,0.302669115
"UTOPIA","SN","IMPHCO1","HCO",2003,0.368294115
"UTOPIA","SN","IMPHCO1","HCO",2004,0.433919115
"UTOPIA","SN","IMPHCO1","HCO",2005,0.499544115000001
"UTOPIA","SN","IMPHCO1","HCO",2006,0.565169115000001
"UTOPIA","SN","IMPHCO1","HCO",2007,0.630794115000001
"UTOPIA","SN","IMPHCO1","HCO",2008,0.696419115000001
"UTOPIA","SN","IMPHCO1","HCO",2009,0.762044115
"UTOPIA","SN","IMPHCO1","HCO",2010,0.8055042345
"UTOPIA","SN","RL1","RL",1990,0.28
"UTOPIA","SN","RL1","RL",1991,0.294
"UTOPIA","SN","RL1","RL",1992,0.308
"UTOPIA","SN","RL1","RL",1993,0.322
"UTOPIA","SN","RL1","RL",1994,0.336
"UTOPIA","SN","RL1","RL",1995,0.35
"UTOPIA","SN","RL1","RL",1996,0.364
"UTOPIA","SN","RL1","RL",1997,0.378
"UTOPIA","SN","RL1","RL",1998,0.392
"UTOPIA","SN","RL1","RL",1999,0.406
"UTOPIA","SN","RL1","RL",2000,0.42
"UTOPIA","SN","RL1","RL",2001,0.441
"UTOPIA","SN","RL1","RL",2002,0.462
"UTOPIA","SN","RL1","RL",2003,0.483
"UTOPIA","SN","RL1","RL",2004,0.504
"UTOPIA","SN","RL1","RL",2005,0.525
"UTOPIA","SN","RL1","RL",2006,0.546
"UTOPIA","SN","RL1","RL",2007,0.567
"UTOPIA","SN","RL1","RL",2008,0.588
"UTOPIA","SN","RL1","RL",2009,0.609
"UTOPIA","SN","RL1","RL",2010,0.63
"UTOPIA","SN","TXD","TX",1990,0.43316
"UTOPIA","SN","TXD","TX",1991,0.454818
"UTOPIA","SN","TXD","TX",1992,0.476476
"UTOPIA","SN","TXD","TX",1993,0.498134
"UTOPIA","SN","TXD","TX",1994,0.519792
"UTOPIA","SN","TXD","TX",1995,0.54145
"UTOPIA","SN","TXD","TX",1996,0.563108
"UTOPIA","SN","TXD","TX",1997,0.584766
"UTOPIA","SN","TXD","TX",1998,0.606424
"UTOPIA","SN","TXD","TX",1999,0.628082
"UTOPIA","SN","TXD","TX",2000,0.64974
"UTOPIA","SN","TXD","TX",2001,0.6821437
"UTOPIA","SN","TXD","TX",2002,0.7145474
"UTOPIA","SN","TXD","TX",2003,0.7469511
"UTOPIA","SN","TXD","TX",2004,0.7793548
"UTOPIA","SN","TXD","TX",2005,0.8117585
"UTOPIA","SN","TXD","TX",2006,0.8441622
"UTOPIA","SN","TXD","TX",2007,0.8765659
"UTOPIA","SN","TXD","TX",2008,0.9089696
"UTOPIA","SN","TXD","TX",2009,0.9413733
"UTOPIA","SN","TXD","TX",2010,0.973777
"UTOPIA","SN","RIV","HYD",1990,0.177216725
"UTOPIA","SN","RIV","HYD",1991,0.220966725
"UTOPIA","SN","RIV","HYD",1992,0.264716725
"UTOPIA","SN","RIV","HYD",1993,0.308466725
"UTOPIA","SN","RIV","HYD",1994,0.3324732075
"UTOPIA","SN","RIV","HYD",1995,0.3324732075
"UTOPIA","SN","RIV","HYD",1996,0.354638088
"UTOPIA","SN","RIV","HYD",1997,0.354638088
"UTOPIA","SN","RIV","HYD",1998,0.354638088
"UTOPIA","SN","RIV","HYD",1999,0.354638088
"UTOPIA","SN","RIV","HYD",2000,0.3768029685
"UTOPIA","SN","RIV","HYD",2001,0.44329761
"UTOPIA","SN","RIV","HYD",2002,0.44329761
"UTOPIA","SN","RIV","HYD",2003,0.44329761
"UTOPIA","SN","RIV","HYD",2004,0.44329761
"UTOPIA","SN","RIV","HYD",2005,0.443297610000001
"UTOPIA","SN","RIV","HYD",2006,0.443297610000001
"UTOPIA","SN","RIV","HYD",2007,0.44329761
"UTOPIA","SN","RIV","HYD",2008,0.44329761
"UTOPIA","SN","RIV","HYD",2009,0.44329761
"UTOPIA","SN","RIV","HYD",2010,0.4654624905
"UTOPIA","WD","E01","ELC",1990,1.53763504912
"UTOPIA","WD","E01","ELC",1991,1.64925548736
"UTOPIA","WD","E01","ELC",1992,1.78925548736
"UTOPIA","WD","E01","ELC",1993,1.9008759256
"UTOPIA","WD","E01","ELC",1994,2.0408759256
"UTOPIA","WD","E01","ELC",1995,2.1808759256
"UTOPIA","WD","E01","ELC",1996,2.29249636384
"UTOPIA","WD","E01","ELC",1997,2.43249636384
"UTOPIA","WD","E01","ELC",1998,2.57249636384
"UTOPIA","WD","E01","ELC",1999,2.71249636384
"UTOPIA","WD","E01","ELC",2000,3.94624880207999
"UTOPIA","WD","E01","ELC",2001,5.5043331168
"UTOPIA","WD","E01","ELC",2002,7.18088611679999
"UTOPIA","WD","E01","ELC",2003,8.82410911679999
"UTOPIA","WD","E01","ELC",2004,10.5006621168
"UTOPIA","WD","E01","ELC",2005,12.1438851168
"UTOPIA","WD","E01","ELC",2006,13.8204381168
"UTOPIA","WD","E01","ELC",2007,15.4636611168
"UTOPIA","WD","E01","ELC",2008,17.1402141168
"UTOPIA","WD","E01","ELC",2009,18.7834371168
"UTOPIA","WD","E01","ELC",2010,20.43161055504
"UTOPIA","WD","E31","ELC",1990,0.36893430288
"UTOPIA","WD","E31","ELC",1991,0.39731386464
"UTOPIA","WD","E31","ELC",1992,0.39731386464
"UTOPIA","WD","E31","ELC",1993,0.4256934264
"UTOPIA","WD","E31","ELC",1994,0.4256934264
"UTOPIA","WD","E31","ELC",1995,0.4256934264
"UTOPIA","WD","E31","ELC",1996,0.45407298816
"UTOPIA","WD","E31","ELC",1997,0.45407298816
"UTOPIA","WD","E31","ELC",1998,0.45407298816
"UTOPIA","WD","E31","ELC",1999,0.45407298816
"UTOPIA","WD","E31","ELC",2000,0.48245254992
"UTOPIA","WD","E31","ELC",2001,0.5675912352
"UTOPIA","WD","E31","ELC",2002,0.5675912352
"UTOPIA","WD","E31","ELC",2003,0.5675912352
"UTOPIA","WD","E31","ELC",2004,0.5675912352
"UTOPIA","WD","E31","ELC",2005,0.5675912352
"UTOPIA","WD","E31","ELC",2006,0.5675912352
"UTOPIA","WD","E31","ELC",2007,0.5675912352
"UTOPIA","WD","E31","ELC",2008,0.5675912352
"UTOPIA","WD","E31","ELC",2009,0.5675912352
"UTOPIA","WD","E31","ELC",2010,0.59597079696
"UTOPIA","WD","E51","ELC",1990,0.893430648
"UTOPIA","WD","E51","ELC",1991,0.893430648
"UTOPIA","WD","E51","ELC",1992,0.893430648
"UTOPIA","WD","E51","ELC",1993,0.893430648
"UTOPIA","WD","E51","ELC",1994,0.893430648
"UTOPIA","WD","E51","ELC",1995,0.893430648
"UTOPIA","WD","E51","ELC",1996,0.893430648
"UTOPIA","WD","E51","ELC",1997,0.893430648
"UTOPIA","WD","E51","ELC",1998,0.893430648
"UTOPIA","WD","E51","ELC",1999,0.893430648
"UTOPIA","WD","E51","ELC",2000,0.893430648
"UTOPIA","WD","E51","ELC",2001,0.893430648
"UTOPIA","WD","E51","ELC",2002,0.893430648
"UTOPIA","WD","E51","ELC",2003,0.893430648
"UTOPIA","WD","E51","ELC",2004,0.893430648
"UTOPIA","WD","E51","ELC",2005,0.893430648
"UTOPIA","WD","E51","ELC",2006,0.893430648
"UTOPIA","WD","E51","ELC",2007,0.893430648
"UTOPIA","WD","E51","ELC",2008,0.893430648
"UTOPIA","WD","E51","ELC",2009,0.893430648
"UTOPIA","WD","E51","ELC",2010,0.893430648
"UTOPIA","WD","IMPDSL1","DSL",1990,21.4143600059044
"UTOPIA","WD","IMPDSL1","DSL",1991,22.4850780061996
"UTOPIA","WD","IMPDSL1","DSL",1992,23.5557960064948
"UTOPIA","WD","IMPDSL1","DSL",1993,24.62651400679
"UTOPIA","WD","IMPDSL1","DSL",1994,25.6972320070852
"UTOPIA","WD","IMPDSL1","DSL",1995,26.7679500073804
"UTOPIA","WD","IMPDSL1","DSL",1996,27.8386680076757
"UTOPIA","WD","IMPDSL1","DSL",1997,28.9093860079709
"UTOPIA","WD","IMPDSL1","DSL",1998,29.9801040082661
"UTOPIA","WD","IMPDSL1","DSL",1999,31.0508220085613
"UTOPIA","WD","IMPDSL1","DSL",2000,30.5184942940899
"UTOPIA","WD","IMPDSL1","DSL",2001,30.0767765653471
"UTOPIA","WD","IMPDSL1","DSL",2002,29.5874445508757
"UTOPIA","WD","IMPDSL1","DSL",2003,29.1457268221328
"UTOPIA","WD","IMPDSL1","DSL",2004,28.6563948076614
"UTOPIA","WD","IMPDSL1","DSL",2005,28.2146770789186
"UTOPIA","WD","IMPDSL1","DSL",2006,27.7253450644472
"UTOPIA","WD","IMPDSL1","DSL",2007,27.2836273357043
"UTOPIA","WD","IMPDSL1","DSL",2008,26.7942953212329
"UTOPIA","WD","IMPDSL1","DSL",2009,26.3525775924901
"UTOPIA","WD","IMPDSL1","DSL",2010,25.8632455780187
"UTOPIA","WD","IMPHCO1","HCO",1990,4.80510952849999
"UTOPIA","WD","IMPHCO1","HCO",1991,5.153923398
"UTOPIA","WD","IMPHCO1","HCO",1992,5.591423398
"UTOPIA","WD","IMPHCO1","HCO",1993,5.9402372675
"UTOPIA","WD","IMPHCO1","HCO",1994,6.3777372675
"UTOPIA","WD","IMPHCO1","HCO",1995,6.8152372675
"UTOPIA","WD","IMPHCO1","HCO",1996,7.164051137
"UTOPIA","WD","IMPHCO1","HCO",1997,7.601551137
"UTOPIA","WD","IMPHCO1","HCO",1998,8.039051137
"UTOPIA","WD","IMPHCO1","HCO",1999,8.476551137
"UTOPIA","WD","IMPHCO1","HCO",2000,12.3320275065
"UTOPIA","WD","IMPHCO1","HCO",2001,17.20104099
"UTOPIA","WD","IMPHCO1","HCO",2002,22.440269115
"UTOPIA","WD","IMPHCO1","HCO",2003,27.57534099
"UTOPIA","WD","IMPHCO1","HCO",2004,32.814569115
"UTOPIA","WD","IMPHCO1","HCO",2005,37.94964099
"UTOPIA","WD","IMPHCO1","HCO",2006,43.1888691149999
"UTOPIA","WD","IMPHCO1","HCO",2007,48.32394099
"UTOPIA","WD","IMPHCO1","HCO",2008,53.563169115
"UTOPIA","WD","IMPHCO1","HCO",2009,58.69824099
"UTOPIA","WD","IMPHCO1","HCO",2010,63.8487829845
"UTOPIA","WD","RHE","RH",2000,1.12213199999999
"UTOPIA","WD","RHE","RH",2001,2.555355
"UTOPIA","WD","RHE","RH",2002,4.02190799999999
"UTOPIA","WD","RHE","RH",2003,5.45513099999999
"UTOPIA","WD","RHE","RH",2004,6.921684
"UTOPIA","WD","RHE","RH",2005,8.354907
"UTOPIA","WD","RHE","RH",2006,9.82146
"UTOPIA","WD","RHE","RH",2007,11.254683
"UTOPIA","WD","RHE","RH",2008,12.721236
"UTOPIA","WD","RHE","RH",2009,14.154459
"UTOPIA","WD","RHE","RH",2010,15.621012
"UTOPIA","WD","RHO","RH",1990,13.77684
"UTOPIA","WD","RHO","RH",1991,14.465682
"UTOPIA","WD","RHO","RH",1992,15.154524
"UTOPIA","WD","RHO","RH",1993,15.843366
"UTOPIA","WD","RHO","RH",1994,16.532208
"UTOPIA","WD","RHO","RH",1995,17.22105
"UTOPIA","WD","RHO","RH",1996,17.909892
"UTOPIA","WD","RHO","RH",1997,18.598734
"UTOPIA","WD","RHO","RH",1998,19.287576
"UTOPIA","WD","RHO","RH",1999,19.976418
"UTOPIA","WD","RHO","RH",2000,19.543128
"UTOPIA","WD","RHO","RH",2001,19.143168
"UTOPIA","WD","RHO","RH",2002,18.709878
"UTOPIA","WD","RHO","RH",2003,18.309918
"UTOPIA","WD","RHO","RH",2004,17.876628
"UTOPIA","WD","RHO","RH",2005,17.476668
"UTOPIA","WD","RHO","RH",2006,17.043378
"UTOPIA","WD","RHO","RH",2007,16.643418
"UTOPIA","WD","RHO","RH",2008,16.210128
"UTOPIA","WD","RHO","RH",2009,15.810168
"UTOPIA","WD","RHO","RH",2010,15.376878
"UTOPIA","WD","RL1","RL",1990,2.8
"UTOPIA","WD","RL1","RL",1991,2.94
"UTOPIA","WD","RL1","RL",1992,3.08
"UTOPIA","WD","RL1","RL",1993,3.22
"UTOPIA","WD","RL1","RL",1994,3.36
"UTOPIA","WD","RL1","RL",1995,3.5
"UTOPIA","WD","RL1","RL",1996,3.64
"UTOPIA","WD","RL1","RL",1997,3.78
"UTOPIA","WD","RL1","RL",1998,3.92
"UTOPIA","WD","RL1","RL",1999,4.06
"UTOPIA","WD","RL1","RL",2000,4.2
"UTOPIA","WD","RL1","RL",2001,4.41
"UTOPIA","WD","RL1","RL",2002,4.62
"UTOPIA","WD","RL1","RL",2003,4.83
"UTOPIA","WD","RL1","RL",2004,5.04
"UTOPIA","WD","RL1","RL",2005,5.25
"UTOPIA","WD","RL1","RL",2006,5.46
"UTOPIA","WD","RL1","RL",2007,5.67
"UTOPIA","WD","RL1","RL",2008,5.88
"UTOPIA","WD","RL1","RL",2009,6.09
"UTOPIA","WD","RL1","RL",2010,6.3
"UTOPIA","WD","TXD","TX",1990,1.73316
"UTOPIA","WD","TXD","TX",1991,1.819818
"UTOPIA","WD","TXD","TX",1992,1.906476
"UTOPIA","WD","TXD","TX",1993,1.993134
"UTOPIA","WD","TXD","TX",1994,2.079792
"UTOPIA","WD","TXD","TX",1995,2.16645
"UTOPIA","WD","TXD","TX",1996,2.253108
"UTOPIA","WD","TXD","TX",1997,2.339766
"UTOPIA","WD","TXD","TX",1998,2.426424
"UTOPIA","WD","TXD","TX",1999,2.513082
"UTOPIA","WD","TXD","TX",2000,2.59974
"UTOPIA","WD","TXD","TX",2001,2.7293937
"UTOPIA","WD","TXD","TX",2002,2.8590474
"UTOPIA","WD","TXD","TX",2003,2.9887011
"UTOPIA","WD","TXD","TX",2004,3.1183548
"UTOPIA","WD","TXD","TX",2005,3.2480085
"UTOPIA","WD","TXD","TX",2006,3.3776622
"UTOPIA","WD","TXD","TX",2007,3.5073159
"UTOPIA","WD","TXD","TX",2008,3.6369696
"UTOPIA","WD","TXD","TX",2009,3.7666233
"UTOPIA","WD","TXD","TX",2010,3.896277
"UTOPIA","WD","RIV","HYD",1990,1.1529196965
"UTOPIA","WD","RIV","HYD",1991,1.241605827
"UTOPIA","WD","RIV","HYD",1992,1.241605827
"UTOPIA","WD","RIV","HYD",1993,1.3302919575
"UTOPIA","WD","RIV","HYD",1994,1.3302919575
"UTOPIA","WD","RIV","HYD",1995,1.3302919575
"UTOPIA","WD","RIV","HYD",1996,1.418978088
"UTOPIA","WD","RIV","HYD",1997,1.418978088
"UTOPIA","WD","RIV","HYD",1998,1.418978088
"UTOPIA","WD","RIV","HYD",1999,1.418978088
"UTOPIA","WD","RIV","HYD",2000,1.5076642185
"UTOPIA","WD","RIV","HYD",2001,1.77372261
"UTOPIA","WD","RIV","HYD",2002,1.77372261
"UTOPIA","WD","RIV","HYD",2003,1.77372261
"UTOPIA","WD","RIV","HYD",2004,1.77372261
"UTOPIA","WD","RIV","HYD",2005,1.77372261
"UTOPIA","WD","RIV","HYD",2006,1.77372261
"UTOPIA","WD","RIV","HYD",2007,1.77372261
"UTOPIA","WD","RIV","HYD",2008,1.77372261
"UTOPIA","WD","RIV","HYD",2009,1.77372261
"UTOPIA","WD","RIV","HYD",2010,1.8624087405
"UTOPIA","WN","E01","ELC",1994,0.0122400744000002
"UTOPIA","WN","E01","ELC",1995,0.0402400744000001
"UTOPIA","WN","E01","ELC",1996,0.0540460361599999
"UTOPIA","WN","E01","ELC",1997,0.0820460361599997
"UTOPIA","WN","E01","ELC",1998,0.11004603616
"UTOPIA","WN","E01","ELC",1999,0.13804603616
"UTOPIA","WN","E01","ELC",2000,0.713086334553661
"UTOPIA","WN","E01","ELC",2001,1.42933072478416
"UTOPIA","WN","E01","ELC",2002,2.20482722973465
"UTOPIA","WN","E01","ELC",2003,2.96365373468514
"UTOPIA","WN","E01","ELC",2004,3.73915023963564
"UTOPIA","WN","E01","ELC",2005,4.49797674458614
"UTOPIA","WN","E01","ELC",2006,5.27347324953663
"UTOPIA","WN","E01","ELC",2007,6.03229975448713
"UTOPIA","WN","E01","ELC",2008,6.80779625943762
"UTOPIA","WN","E01","ELC",2009,7.56662276438812
"UTOPIA","WN","E01","ELC",2010,8.32792523109861
"UTOPIA","WN","E31","ELC",1990,0.113150648
"UTOPIA","WN","E31","ELC",1991,0.141150648
"UTOPIA","WN","E31","ELC",1992,0.169150648
"UTOPIA","WN","E31","ELC",1993,0.197150648
"UTOPIA","WN","E31","ELC",1994,0.2129105736
"UTOPIA","WN","E31","ELC",1995,0.2129105736
"UTOPIA","WN","E31","ELC",1996,0.22710461184
"UTOPIA","WN","E31","ELC",1997,0.22710461184
"UTOPIA","WN","E31","ELC",1998,0.22710461184
"UTOPIA","WN","E31","ELC",1999,0.22710461184
"UTOPIA","WN","E31","ELC",2000,0.24129865008
"UTOPIA","WN","E31","ELC",2001,0.2838807648
"UTOPIA","WN","E31","ELC",2002,0.2838807648
"UTOPIA","WN","E31","ELC",2003,0.2838807648
"UTOPIA","WN","E31","ELC",2004,0.2838807648
"UTOPIA","WN","E31","ELC",2005,0.2838807648
"UTOPIA","WN","E31","ELC",2006,0.2838807648
"UTOPIA","WN","E31","ELC",2007,0.2838807648
"UTOPIA","WN","E31","ELC",2008,0.2838807648
"UTOPIA","WN","E31","ELC",2009,0.2838807648
"UTOPIA","WN","E31","ELC",2010,0.29807480304
"UTOPIA","WN","E51","ELC",1990,0.446849352
"UTOPIA","WN","E51","ELC",1991,0.446849352
"UTOPIA","WN","E51","ELC",1992,0.446849352
"UTOPIA","WN","E51","ELC",1993,0.446849352
"UTOPIA","WN","E51","ELC",1994,0.446849352
"UTOPIA","WN","E51","ELC",1995,0.446849352
"UTOPIA","WN","E51","ELC",1996,0.446849352
"UTOPIA","WN","E51","ELC",1997,0.446849352
"UTOPIA","WN","E51","ELC",1998,0.446849352
"UTOPIA","WN","E51","ELC",1999,0.446849352
"UTOPIA","WN","E51","ELC",2000,0.446849352
"UTOPIA","WN","E51","ELC",2001,0.446849352
"UTOPIA","WN","E51","ELC",2002,0.446849352
"UTOPIA","WN","E51","ELC",2003,0.446849352
"UTOPIA","WN","E51","ELC",2004,0.446849352
"UTOPIA","WN","E51","ELC",2005,0.446849352
"UTOPIA","WN","E51","ELC",2006,0.446849352
"UTOPIA","WN","E51","ELC",2007,0.446849352
"UTOPIA","WN","E51","ELC",2008,0.446849352
"UTOPIA","WN","E51","ELC",2009,0.446849352
"UTOPIA","WN","E51","ELC",2010,0.446849352
"UTOPIA","WN","IMPDSL1","DSL",1990,10.7056400029517
"UTOPIA","WN","IMPDSL1","DSL",1991,11.2409220030992
"UTOPIA","WN","IMPDSL1","DSL",1992,11.7762040032468
"UTOPIA","WN","IMPDSL1","DSL",1993,12.3114860033944
"UTOPIA","WN","IMPDSL1","DSL",1994,12.846768003542
"UTOPIA","WN","IMPDSL1","DSL",1995,13.3820500036896
"UTOPIA","WN","IMPDSL1","DSL",1996,13.9173320038371
"UTOPIA","WN","IMPDSL1","DSL",1997,14.4526140039847
"UTOPIA","WN","IMPDSL1","DSL",1998,14.9878960041323
"UTOPIA","WN","IMPDSL1","DSL",1999,15.5231780042799
"UTOPIA","WN","IMPDSL1","DSL",2000,15.2566966661389
"UTOPIA","WN","IMPDSL1","DSL",2001,15.035415101838
"UTOPIA","WN","IMPDSL1","DSL",2002,14.7903192518158
"UTOPIA","WN","IMPDSL1","DSL",2003,14.5690376875149
"UTOPIA","WN","IMPDSL1","DSL",2004,14.3239418374927
"UTOPIA","WN","IMPDSL1","DSL",2005,14.1026602731918
"UTOPIA","WN","IMPDSL1","DSL",2006,13.8575644231696
"UTOPIA","WN","IMPDSL1","DSL",2007,13.6362828588687
"UTOPIA","WN","IMPDSL1","DSL",2008,13.3911870088465
"UTOPIA","WN","IMPDSL1","DSL",2009,13.1699054445456
"UTOPIA","WN","IMPDSL1","DSL",2010,12.9248095945234
"UTOPIA","WN","IMPHCO1","HCO",1994,0.0382502325000004
"UTOPIA","WN","IMPHCO1","HCO",1995,0.125750232500002
"UTOPIA","WN","IMPHCO1","HCO",1996,0.168893863000001
"UTOPIA","WN","IMPHCO1","HCO",1997,0.256393862999997
"UTOPIA","WN","IMPHCO1","HCO",1998,0.343893863000002
"UTOPIA","WN","IMPHCO1","HCO",1999,0.431393863000003
"UTOPIA","WN","IMPHCO1","HCO",2000,2.22839479548018
"UTOPIA","WN","IMPHCO1","HCO",2001,4.46665851495049
"UTOPIA","WN","IMPHCO1","HCO",2002,6.89008509292077
"UTOPIA","WN","IMPHCO1","HCO",2003,9.26141792089107
"UTOPIA","WN","IMPHCO1","HCO",2004,11.6848444988614
"UTOPIA","WN","IMPHCO1","HCO",2005,14.0561773268317
"UTOPIA","WN","IMPHCO1","HCO",2006,16.479603904802
"UTOPIA","WN","IMPHCO1","HCO",2007,18.8509367327723
"UTOPIA","WN","IMPHCO1","HCO",2008,21.2743633107426
"UTOPIA","WN","IMPHCO1","HCO",2009,23.6456961387129
"UTOPIA","WN","IMPHCO1","HCO",2010,26.0247663471832
"UTOPIA","WN","RHE","RH",2000,0.561234336633661
"UTOPIA","WN","RHE","RH",2001,1.27806084158416
"UTOPIA","WN","RHE","RH",2002,2.01155734653465
"UTOPIA","WN","RHE","RH",2003,2.72838385148514
"UTOPIA","WN","RHE","RH",2004,3.46188035643564
"UTOPIA","WN","RHE","RH",2005,4.17870686138614
"UTOPIA","WN","RHE","RH",2006,4.91220336633663
"UTOPIA","WN","RHE","RH",2007,5.62902987128713
"UTOPIA","WN","RHE","RH",2008,6.36252637623762
"UTOPIA","WN","RHE","RH",2009,7.07935288118812
"UTOPIA","WN","RHE","RH",2010,7.81284938613861
"UTOPIA","WN","RHO","RH",1990,6.88716
"UTOPIA","WN","RHO","RH",1991,7.231518
"UTOPIA","WN","RHO","RH",1992,7.575876
"UTOPIA","WN","RHO","RH",1993,7.920234
"UTOPIA","WN","RHO","RH",1994,8.264592
"UTOPIA","WN","RHO","RH",1995,8.60895
"UTOPIA","WN","RHO","RH",1996,8.953308
"UTOPIA","WN","RHO","RH",1997,9.297666
"UTOPIA","WN","RHO","RH",1998,9.642024
"UTOPIA","WN","RHO","RH",1999,9.986382
"UTOPIA","WN","RHO","RH",2000,9.76950566336634
"UTOPIA","WN","RHO","RH",2001,9.56921615841584
"UTOPIA","WN","RHO","RH",2002,9.35225665346535
"UTOPIA","WN","RHO","RH",2003,9.15196714851486
"UTOPIA","WN","RHO","RH",2004,8.93500764356436
"UTOPIA","WN","RHO","RH",2005,8.73471813861386
"UTOPIA","WN","RHO","RH",2006,8.51775863366337
"UTOPIA","WN","RHO","RH",2007,8.31746912871287
"UTOPIA","WN","RHO","RH",2008,8.10050962376238
"UTOPIA","WN","RHO","RH",2009,7.90022011881188
"UTOPIA","WN","RHO","RH",2010,7.68326061386139
"UTOPIA","WN","RL1","RL",1990,0.56
"UTOPIA","WN","RL1","RL",1991,0.588
"UTOPIA","WN","RL1","RL",1992,0.616
"UTOPIA","WN","RL1","RL",1993,0.644
"UTOPIA","WN","RL1","RL",1994,0.672
"UTOPIA","WN","RL1","RL",1995,0.7
"UTOPIA","WN","RL1","RL",1996,0.728
"UTOPIA","WN","RL1","RL",1997,0.756
"UTOPIA","WN","RL1","RL",1998,0.784
"UTOPIA","WN","RL1","RL",1999,0.812
"UTOPIA","WN","RL1","RL",2000,0.84
"UTOPIA","WN","RL1","RL",2001,0.882
"UTOPIA","WN","RL1","RL",2002,0.924
"UTOPIA","WN","RL1","RL",2003,0.966
"UTOPIA","WN","RL1","RL",2004,1.008
"UTOPIA","WN","RL1","RL",2005,1.05
"UTOPIA","WN","RL1","RL",2006,1.092
"UTOPIA","WN","RL1","RL",2007,1.134
"UTOPIA","WN","RL1","RL",2008,1.176
"UTOPIA","WN","RL1","RL",2009,1.218
"UTOPIA","WN","RL1","RL",2010,1.26
"UTOPIA","WN","TXD","TX",1990,0.86684
"UTOPIA","WN","TXD","TX",1991,0.910182
"UTOPIA","WN","TXD","TX",1992,0.953524
"UTOPIA","WN","TXD","TX",1993,0.996866
"UTOPIA","WN","TXD","TX",1994,1.040208
"UTOPIA","WN","TXD","TX",1995,1.08355
"UTOPIA","WN","TXD","TX",1996,1.126892
"UTOPIA","WN","TXD","TX",1997,1.170234
"UTOPIA","WN","TXD","TX",1998,1.213576
"UTOPIA","WN","TXD","TX",1999,1.256918
"UTOPIA","WN","TXD","TX",2000,1.30026
"UTOPIA","WN","TXD","TX",2001,1.3651063
"UTOPIA","WN","TXD","TX",2002,1.4299526
"UTOPIA","WN","TXD","TX",2003,1.4947989
"UTOPIA","WN","TXD","TX",2004,1.5596452
"UTOPIA","WN","TXD","TX",2005,1.6244915
"UTOPIA","WN","TXD","TX",2006,1.6893378
"UTOPIA","WN","TXD","TX",2007,1.7541841
"UTOPIA","WN","TXD","TX",2008,1.8190304
"UTOPIA","WN","TXD","TX",2009,1.8838767
"UTOPIA","WN","TXD","TX",2010,1.948723
"UTOPIA","WN","RIV","HYD",1990,0.353595775
"UTOPIA","WN","RIV","HYD",1991,0.441095774999999
"UTOPIA","WN","RIV","HYD",1992,0.528595774999999
"UTOPIA","WN","RIV","HYD",1993,0.616095775000001
"UTOPIA","WN","RIV","HYD",1994,0.665345542500001
"UTOPIA","WN","RIV","HYD",1995,0.6653455425
"UTOPIA","WN","RIV","HYD",1996,0.709701912000001
"UTOPIA","WN","RIV","HYD",1997,0.709701912000001
"UTOPIA","WN","RIV","HYD",1998,0.709701912
"UTOPIA","WN","RIV","HYD",1999,0.709701912
"UTOPIA","WN","RIV","HYD",2000,0.7540582815
"UTOPIA","WN","RIV","HYD",2001,0.88712739
"UTOPIA","WN","RIV","HYD",2002,0.88712739
"UTOPIA","WN","RIV","HYD",2003,0.88712739
"UTOPIA","WN","RIV","HYD",2004,0.88712739
"UTOPIA","WN","RIV","HYD",2005,0.88712739
"UTOPIA","WN","RIV","HYD",2006,0.88712739
"UTOPIA","WN","RIV","HYD",2007,0.88712739
"UTOPIA","WN","RIV","HYD",2008,0.88712739
"UTOPIA","WN","RIV","HYD",2009,0.88712739
"UTOPIA","WN","RIV","HYD",2010,0.9314837595
